timestamp,worker_id,batch_size,duration_ms,total_rows_after_insert_approx
2025-05-21T20:53:48.001783,2,1000,30.94,2000
2025-05-21T20:53:48.094475,2,1000,30.52,4000
2025-05-21T20:53:48.195846,2,1000,38.39,5000
2025-05-21T20:53:48.295610,2,1000,33.03,8000
2025-05-21T20:53:48.392016,2,1000,30.38,10000
2025-05-21T20:53:48.491489,2,1000,37.16,11000
2025-05-21T20:53:48.590480,2,1000,32.20,14000
2025-05-21T20:53:48.684632,2,1000,30.79,16000
2025-05-21T20:53:48.781129,2,1000,34.50,17000
2025-05-21T20:53:48.882700,2,1000,35.85,19000
2025-05-21T20:53:48.977233,2,1000,30.57,21000
2025-05-21T20:53:49.077119,2,1000,37.36,24000
2025-05-21T20:53:49.176983,2,1000,33.77,26000
2025-05-21T20:53:49.277566,2,1000,37.08,28000
2025-05-21T20:53:49.374423,2,1000,32.46,30000
2025-05-21T20:53:49.470561,2,1000,29.42,32000
2025-05-21T20:53:49.567907,2,1000,42.59,33000
2025-05-21T20:53:49.661060,2,1000,32.30,35000
2025-05-21T20:53:49.753545,2,1000,31.95,37000
2025-05-21T20:53:49.849154,2,1000,33.90,39000
2025-05-21T20:53:49.942751,2,1000,29.94,41000
2025-05-21T20:53:50.041856,2,1000,33.38,44000
2025-05-21T20:53:50.138841,2,1000,34.46,46000
2025-05-21T20:53:50.240776,2,1000,39.04,47000
2025-05-21T20:53:50.338504,2,1000,34.09,49000
2025-05-21T20:53:50.435529,2,1000,34.11,51000
2025-05-21T20:53:50.527342,2,1000,29.62,53000
2025-05-21T20:53:50.625096,2,1000,35.20,55000
2025-05-21T20:53:50.713964,2,1000,28.23,57000
2025-05-21T20:53:50.808583,2,1000,39.54,59000
2025-05-21T20:53:50.904831,2,1000,29.27,62000
2025-05-21T20:53:51.005761,2,1000,35.26,64000
2025-05-21T20:53:51.097222,2,1000,31.30,65000
2025-05-21T20:53:51.197031,2,1000,36.13,67000
2025-05-21T20:53:51.296887,2,1000,35.63,69000
2025-05-21T20:53:51.395583,2,1000,34.96,71000
2025-05-21T20:53:51.490709,2,1000,29.27,74000
2025-05-21T20:53:51.581451,2,1000,30.13,75000
2025-05-21T20:53:51.675644,2,1000,31.17,77000
2025-05-21T20:53:51.795332,2,1000,33.47,80000
2025-05-21T20:53:51.897603,2,1000,35.89,82000
2025-05-21T20:53:51.995500,2,1000,35.39,84000
2025-05-21T20:53:52.093259,2,1000,30.97,86000
2025-05-21T20:53:52.187424,2,1000,31.98,87000
2025-05-21T20:53:52.288067,2,1000,34.92,90000
2025-05-21T20:53:52.387128,2,1000,32.48,92000
2025-05-21T20:53:52.484489,2,1000,34.17,93000
2025-05-21T20:53:52.581014,2,1000,33.47,95000
2025-05-21T20:53:52.686799,2,1000,39.45,98000
2025-05-21T20:53:52.765101,2,1000,17.85,100000
2025-05-21T20:53:52.857981,2,1000,26.23,102000
2025-05-21T20:53:52.953353,2,1000,29.81,104000
2025-05-21T20:53:53.053147,2,1000,36.52,105000
2025-05-21T20:53:53.177224,2,1000,48.37,107000
2025-05-21T20:53:53.277227,2,1000,37.09,109000
2025-05-21T20:53:53.362269,2,1000,27.81,111000
2025-05-21T20:53:53.443794,2,1000,27.37,113000
2025-05-21T20:53:53.544346,2,1000,43.80,115000
2025-05-21T20:53:53.638031,2,1000,38.30,117000
2025-05-21T20:53:53.729390,2,1000,28.40,119000
2025-05-21T20:53:53.825923,2,1000,30.00,122000
2025-05-21T20:53:53.923547,2,1000,34.93,123000
2025-05-21T20:53:54.023627,2,1000,35.59,125000
2025-05-21T20:53:54.117854,2,1000,27.31,128000
2025-05-21T20:53:54.215858,2,1000,35.47,129000
2025-05-21T20:53:54.314132,2,1000,34.61,131000
2025-05-21T20:53:54.413125,2,1000,31.77,134000
2025-05-21T20:53:54.510611,2,1000,31.59,136000
2025-05-21T20:53:54.605952,2,1000,40.04,137000
2025-05-21T20:53:54.710975,2,1000,41.12,139000
2025-05-21T20:53:54.805233,2,1000,31.36,141000
2025-05-21T20:53:54.903226,2,1000,35.67,143000
2025-05-21T20:53:55.001065,2,1000,30.93,146000
2025-05-21T20:53:55.098860,2,1000,34.52,147000
2025-05-21T20:53:55.198345,2,1000,36.77,149000
2025-05-21T20:53:55.298508,2,1000,36.76,151000
2025-05-21T20:53:55.397260,2,1000,36.36,154000
2025-05-21T20:53:55.496140,2,1000,35.74,155000
2025-05-21T20:53:55.593804,2,1000,35.08,157000
2025-05-21T20:53:55.684698,2,1000,28.98,159000
2025-05-21T20:53:55.753042,2,1000,13.03,161000
2025-05-21T20:53:55.821688,2,1000,18.67,163000
2025-05-21T20:53:55.891868,2,1000,25.17,165000
2025-05-21T20:53:55.960330,2,1000,18.16,167000
2025-05-21T20:53:56.022627,2,1000,25.16,169000
2025-05-21T20:53:56.080973,2,1000,18.71,171000
2025-05-21T20:53:56.138294,2,1000,18.28,173000
2025-05-21T20:53:56.198612,2,1000,19.09,175000
2025-05-21T20:53:56.262287,2,1000,23.12,177000
2025-05-21T20:53:56.321505,2,1000,19.61,179000
2025-05-21T20:53:56.383262,2,1000,22.30,181000
2025-05-21T20:53:56.447754,2,1000,23.15,183000
2025-05-21T20:53:56.507817,2,1000,20.09,185000
2025-05-21T20:53:56.566172,2,1000,18.88,187000
2025-05-21T20:53:56.626954,2,1000,18.84,189000
2025-05-21T20:53:56.686570,2,1000,19.26,191000
2025-05-21T20:53:56.746849,2,1000,19.34,193000
2025-05-21T20:53:56.806405,2,1000,19.05,195000
2025-05-21T20:53:56.865709,2,1000,19.03,197000
2025-05-21T20:53:56.927980,2,1000,20.39,199000
2025-05-21T20:53:56.984911,2,1000,18.57,201000
2025-05-21T20:53:57.045028,2,1000,19.39,203000
2025-05-21T20:53:57.104812,2,1000,19.57,205000
2025-05-21T20:53:57.163595,2,1000,19.00,207000
2025-05-21T20:53:57.224772,2,1000,21.01,209000
2025-05-21T20:53:57.287208,2,1000,22.27,211000
2025-05-21T20:53:57.350354,2,1000,22.03,213000
2025-05-21T20:53:57.413958,2,1000,20.89,215000
2025-05-21T20:53:57.476013,2,1000,20.85,217000
2025-05-21T20:53:57.536594,2,1000,20.27,219000
2025-05-21T20:53:57.597510,2,1000,20.34,221000
2025-05-21T20:53:57.665510,2,1000,20.76,223000
2025-05-21T20:53:57.750401,2,1000,41.30,225000
2025-05-21T20:53:57.811187,2,1000,19.70,227000
2025-05-21T20:53:57.869967,2,1000,19.35,229000
2025-05-21T20:53:57.930748,2,1000,19.91,231000
2025-05-21T20:53:57.991225,2,1000,20.61,233000
2025-05-21T20:53:58.050569,2,1000,19.69,235000
2025-05-21T20:53:58.109831,2,1000,19.53,237000
2025-05-21T20:53:58.168993,2,1000,19.64,239000
2025-05-21T20:53:58.227991,2,1000,18.94,241000
2025-05-21T20:53:58.300569,2,1000,26.84,243000
2025-05-21T20:53:58.360435,2,1000,19.71,245000
2025-05-21T20:53:58.419811,2,1000,19.15,247000
2025-05-21T20:53:58.478965,2,1000,19.37,249000
2025-05-21T20:53:58.538882,2,1000,19.91,251000
2025-05-21T20:53:58.598109,2,1000,19.45,253000
2025-05-21T20:53:58.658329,2,1000,19.91,255000
2025-05-21T20:53:58.730215,2,1000,32.16,257000
2025-05-21T20:53:58.802201,2,1000,21.60,259000
2025-05-21T20:53:58.875990,2,1000,16.23,261000
2025-05-21T20:53:58.949201,2,1000,21.95,263000
2025-05-21T20:53:59.020683,2,1000,20.52,265000
2025-05-21T20:53:59.091599,2,1000,13.89,267000
2025-05-21T20:53:59.158786,2,1000,18.66,269000
2025-05-21T20:53:59.229025,2,1000,19.59,271000
2025-05-21T20:53:59.299212,2,1000,20.12,273000
2025-05-21T20:53:59.369594,2,1000,20.10,275000
2025-05-21T20:53:59.440232,2,1000,20.11,277000
2025-05-21T20:53:59.511396,2,1000,20.83,279000
2025-05-21T20:53:59.580851,2,1000,19.09,281000
2025-05-21T20:53:59.644952,2,1000,19.64,283000
2025-05-21T20:53:59.703869,2,1000,19.49,285000
2025-05-21T20:53:59.764851,2,1000,19.84,287000
2025-05-21T20:53:59.826111,2,1000,20.85,289000
2025-05-21T20:53:59.885347,2,1000,20.04,291000
2025-05-21T20:53:59.945164,2,1000,19.79,293000
2025-05-21T20:54:00.005144,2,1000,19.96,295000
2025-05-21T20:54:00.066300,2,1000,20.72,297000
2025-05-21T20:54:00.128973,2,1000,21.14,299000
2025-05-21T20:54:00.190870,2,1000,20.93,301000
2025-05-21T20:54:00.257629,2,1000,20.85,303000
2025-05-21T20:54:00.321160,2,1000,20.80,305000
2025-05-21T20:54:00.381834,2,1000,20.65,307000
2025-05-21T20:54:00.442688,2,1000,20.19,309000
2025-05-21T20:54:00.503068,2,1000,19.95,311000
2025-05-21T20:54:00.564039,2,1000,20.04,313000
2025-05-21T20:54:00.622661,2,1000,18.70,315000
2025-05-21T20:54:00.685739,2,1000,20.95,317000
2025-05-21T20:54:00.741139,2,1000,15.11,319000
2025-05-21T20:54:00.809288,2,1000,13.94,321000
2025-05-21T20:54:00.879100,2,1000,13.67,323000
2025-05-21T20:54:00.951079,2,1000,13.69,325000
2025-05-21T20:54:01.021039,2,1000,13.58,327000
2025-05-21T20:54:01.092016,2,1000,14.99,329000
2025-05-21T20:54:01.165555,2,1000,18.17,331000
2025-05-21T20:54:01.235862,2,1000,16.12,333000
2025-05-21T20:54:01.306966,2,1000,17.08,335000
2025-05-21T20:54:01.374999,2,1000,13.34,337000
2025-05-21T20:54:01.447876,2,1000,14.49,339000
2025-05-21T20:54:01.521299,2,1000,14.59,341000
timestamp,worker_id,batch_size,duration_ms,total_rows_after_insert_approx
2025-05-21T20:53:47.998880,1,1000,36.26,1000
2025-05-21T20:53:48.094042,1,1000,38.39,3000
2025-05-21T20:53:48.196115,1,1000,36.02,6000
2025-05-21T20:53:48.295233,1,1000,35.58,7000
2025-05-21T20:53:48.391609,1,1000,32.86,9000
2025-05-21T20:53:48.491786,1,1000,34.67,12000
2025-05-21T20:53:48.588249,1,1000,32.85,13000
2025-05-21T20:53:48.684300,1,1000,39.28,15000
2025-05-21T20:53:48.781372,1,1000,31.10,18000
2025-05-21T20:53:48.882718,1,1000,39.82,20000
2025-05-21T20:53:48.977615,1,1000,27.63,22000
2025-05-21T20:53:49.076846,1,1000,36.84,23000
2025-05-21T20:53:49.174742,1,1000,34.24,25000
2025-05-21T20:53:49.277275,1,1000,45.63,27000
2025-05-21T20:53:49.374163,1,1000,34.80,29000
2025-05-21T20:53:49.470222,1,1000,32.18,31000
2025-05-21T20:53:49.568170,1,1000,36.41,34000
2025-05-21T20:53:49.661431,1,1000,27.90,36000
2025-05-21T20:53:49.753791,1,1000,29.92,38000
2025-05-21T20:53:49.849408,1,1000,31.56,40000
2025-05-21T20:53:49.943007,1,1000,27.68,42000
2025-05-21T20:53:50.041280,1,1000,37.29,43000
2025-05-21T20:53:50.138437,1,1000,33.91,45000
2025-05-21T20:53:50.241018,1,1000,36.46,48000
2025-05-21T20:53:50.338743,1,1000,31.13,50000
2025-05-21T20:53:50.435939,1,1000,29.74,52000
2025-05-21T20:53:50.527914,1,1000,26.61,54000
2025-05-21T20:53:50.625491,1,1000,32.82,56000
2025-05-21T20:53:50.715871,1,1000,25.41,58000
2025-05-21T20:53:50.808814,1,1000,30.98,60000
2025-05-21T20:53:50.904443,1,1000,31.68,61000
2025-05-21T20:53:51.005518,1,1000,37.75,63000
2025-05-21T20:53:51.097703,1,1000,27.28,66000
2025-05-21T20:53:51.197268,1,1000,33.73,68000
2025-05-21T20:53:51.297189,1,1000,32.32,70000
2025-05-21T20:53:51.395910,1,1000,32.56,72000
2025-05-21T20:53:51.488335,1,1000,29.70,73000
2025-05-21T20:53:51.581674,1,1000,27.89,76000
2025-05-21T20:53:51.675916,1,1000,28.64,78000
2025-05-21T20:53:51.794801,1,1000,41.21,79000
2025-05-21T20:53:51.897232,1,1000,38.50,81000
2025-05-21T20:53:51.995204,1,1000,34.38,83000
2025-05-21T20:53:52.092877,1,1000,33.62,85000
2025-05-21T20:53:52.187658,1,1000,29.43,88000
2025-05-21T20:53:52.287787,1,1000,37.15,89000
2025-05-21T20:53:52.386750,1,1000,35.24,91000
2025-05-21T20:53:52.485373,1,1000,32.35,94000
2025-05-21T20:53:52.583252,1,1000,32.98,96000
2025-05-21T20:53:52.680105,1,1000,35.35,97000
2025-05-21T20:53:52.759914,1,1000,22.39,99000
2025-05-21T20:53:52.857449,1,1000,30.69,101000
2025-05-21T20:53:52.953088,1,1000,33.09,103000
2025-05-21T20:53:53.053421,1,1000,33.67,106000
2025-05-21T20:53:53.177507,1,1000,40.75,108000
2025-05-21T20:53:53.282486,1,1000,38.30,110000
2025-05-21T20:53:53.364533,1,1000,20.83,112000
2025-05-21T20:53:53.445038,1,1000,19.96,114000
2025-05-21T20:53:53.544603,1,1000,37.91,116000
2025-05-21T20:53:53.638353,1,1000,29.83,118000
2025-05-21T20:53:53.729746,1,1000,25.72,120000
2025-05-21T20:53:53.825542,1,1000,32.68,121000
2025-05-21T20:53:53.923796,1,1000,32.52,124000
2025-05-21T20:53:54.023653,1,1000,38.61,126000
2025-05-21T20:53:54.117587,1,1000,30.21,127000
2025-05-21T20:53:54.216110,1,1000,32.60,130000
2025-05-21T20:53:54.314413,1,1000,32.07,132000
2025-05-21T20:53:54.412845,1,1000,34.81,133000
2025-05-21T20:53:54.510345,1,1000,34.11,135000
2025-05-21T20:53:54.606208,1,1000,30.70,138000
2025-05-21T20:53:54.711390,1,1000,38.24,140000
2025-05-21T20:53:54.805672,1,1000,27.64,142000
2025-05-21T20:53:54.903584,1,1000,32.50,144000
2025-05-21T20:53:55.000728,1,1000,34.65,145000
2025-05-21T20:53:55.099106,1,1000,31.77,148000
2025-05-21T20:53:55.198683,1,1000,33.29,150000
2025-05-21T20:53:55.298917,1,1000,33.48,152000
2025-05-21T20:53:55.396933,1,1000,35.26,153000
2025-05-21T20:53:55.496442,1,1000,32.50,156000
2025-05-21T20:53:55.594158,1,1000,31.42,158000
2025-05-21T20:53:55.687094,1,1000,28.09,160000
2025-05-21T20:53:55.764166,1,1000,15.84,162000
2025-05-21T20:53:55.835584,1,1000,17.74,164000
2025-05-21T20:53:55.904202,1,1000,16.20,166000
2025-05-21T20:53:55.979726,1,1000,21.85,168000
2025-05-21T20:53:56.047613,1,1000,20.79,170000
2025-05-21T20:53:56.109417,1,1000,18.19,172000
2025-05-21T20:53:56.168764,1,1000,19.18,174000
2025-05-21T20:53:56.228621,1,1000,19.16,176000
2025-05-21T20:53:56.290912,1,1000,20.80,178000
2025-05-21T20:53:56.352763,1,1000,21.23,180000
2025-05-21T20:53:56.410822,1,1000,20.73,182000
2025-05-21T20:53:56.477098,1,1000,20.00,184000
2025-05-21T20:53:56.537896,1,1000,19.62,186000
2025-05-21T20:53:56.597032,1,1000,19.21,188000
2025-05-21T20:53:56.657058,1,1000,19.29,190000
2025-05-21T20:53:56.716718,1,1000,19.41,192000
2025-05-21T20:53:56.776965,1,1000,19.21,194000
2025-05-21T20:53:56.836228,1,1000,18.97,196000
2025-05-21T20:53:56.897911,1,1000,21.01,198000
2025-05-21T20:53:56.956095,1,1000,17.75,200000
2025-05-21T20:53:57.014810,1,1000,19.12,202000
2025-05-21T20:53:57.074287,1,1000,18.76,204000
2025-05-21T20:53:57.134475,1,1000,19.40,206000
2025-05-21T20:53:57.192909,1,1000,18.91,208000
2025-05-21T20:53:57.252752,1,1000,19.45,210000
2025-05-21T20:53:57.318862,1,1000,20.90,212000
2025-05-21T20:53:57.382997,1,1000,21.86,214000
2025-05-21T20:53:57.444931,1,1000,20.93,216000
2025-05-21T20:53:57.505930,1,1000,19.82,218000
2025-05-21T20:53:57.567482,1,1000,20.48,220000
2025-05-21T20:53:57.628443,1,1000,20.63,222000
2025-05-21T20:53:57.696977,1,1000,21.25,224000
2025-05-21T20:53:57.781590,1,1000,20.88,226000
2025-05-21T20:53:57.840809,1,1000,19.34,228000
2025-05-21T20:53:57.900954,1,1000,20.14,230000
2025-05-21T20:53:57.961235,1,1000,20.19,232000
2025-05-21T20:53:58.020743,1,1000,19.72,234000
2025-05-21T20:53:58.080032,1,1000,19.05,236000
2025-05-21T20:53:58.139433,1,1000,19.48,238000
2025-05-21T20:53:58.198608,1,1000,19.21,240000
2025-05-21T20:53:58.257973,1,1000,19.34,242000
2025-05-21T20:53:58.325753,1,1000,20.79,244000
2025-05-21T20:53:58.390292,1,1000,19.47,246000
2025-05-21T20:53:58.449136,1,1000,18.74,248000
2025-05-21T20:53:58.508838,1,1000,19.58,250000
2025-05-21T20:53:58.568707,1,1000,19.70,252000
2025-05-21T20:53:58.628031,1,1000,19.46,254000
2025-05-21T20:53:58.687335,1,1000,19.58,256000
2025-05-21T20:53:58.739136,1,1000,12.36,258000
2025-05-21T20:53:58.809926,1,1000,13.79,260000
2025-05-21T20:53:58.883969,1,1000,14.10,262000
2025-05-21T20:53:58.957656,1,1000,14.10,264000
2025-05-21T20:53:59.029233,1,1000,13.00,266000
2025-05-21T20:53:59.099826,1,1000,13.11,268000
2025-05-21T20:53:59.171600,1,1000,16.20,270000
2025-05-21T20:53:59.238496,1,1000,13.67,272000
2025-05-21T20:53:59.308353,1,1000,14.15,274000
2025-05-21T20:53:59.379824,1,1000,15.37,276000
2025-05-21T20:53:59.450154,1,1000,15.03,278000
2025-05-21T20:53:59.522819,1,1000,16.40,280000
2025-05-21T20:53:59.600426,1,1000,23.53,282000
2025-05-21T20:53:59.669459,1,1000,21.41,284000
2025-05-21T20:53:59.735083,1,1000,19.94,286000
2025-05-21T20:53:59.794937,1,1000,19.68,288000
2025-05-21T20:53:59.855008,1,1000,19.74,290000
2025-05-21T20:53:59.915745,1,1000,20.33,292000
2025-05-21T20:53:59.974473,1,1000,18.59,294000
2025-05-21T20:54:00.035414,1,1000,20.35,296000
2025-05-21T20:54:00.097655,1,1000,21.43,298000
2025-05-21T20:54:00.160162,1,1000,20.71,300000
2025-05-21T20:54:00.221763,1,1000,20.76,302000
2025-05-21T20:54:00.289651,1,1000,20.64,304000
2025-05-21T20:54:00.350821,1,1000,19.83,306000
2025-05-21T20:54:00.411942,1,1000,19.97,308000
2025-05-21T20:54:00.472142,1,1000,19.17,310000
2025-05-21T20:54:00.533478,1,1000,20.03,312000
2025-05-21T20:54:00.593458,1,1000,19.65,314000
2025-05-21T20:54:00.653738,1,1000,19.69,316000
2025-05-21T20:54:00.727795,1,1000,32.41,318000
2025-05-21T20:54:00.800447,1,1000,20.73,320000
2025-05-21T20:54:00.870666,1,1000,14.54,322000
2025-05-21T20:54:00.942073,1,1000,20.52,324000
2025-05-21T20:54:01.011587,1,1000,19.43,326000
2025-05-21T20:54:01.082326,1,1000,20.31,328000
2025-05-21T20:54:01.152812,1,1000,20.57,330000
2025-05-21T20:54:01.223003,1,1000,19.00,332000
2025-05-21T20:54:01.294655,1,1000,21.24,334000
2025-05-21T20:54:01.365514,1,1000,19.83,336000
2025-05-21T20:54:01.439825,1,1000,23.03,338000
2025-05-21T20:54:01.512729,1,1000,22.25,340000
2025-05-21T20:54:01.586568,1,1000,15.76,342000
2025-05-21T20:54:01.596104,2,1000,15.45,343000
2025-05-21T20:54:01.667641,2,1000,13.68,345000
2025-05-21T20:54:01.741000,2,1000,14.33,347000
2025-05-21T20:54:01.812714,2,1000,14.20,349000
2025-05-21T20:54:01.884821,2,1000,14.50,351000
2025-05-21T20:54:01.958423,2,1000,16.42,353000
2025-05-21T20:54:02.032569,2,1000,17.93,355000
2025-05-21T20:54:02.103202,2,1000,16.05,357000
2025-05-21T20:54:02.175036,2,1000,15.88,359000
2025-05-21T20:54:02.252042,2,1000,16.96,361000
2025-05-21T20:54:02.344312,2,1000,27.97,363000
2025-05-21T20:54:02.418535,2,1000,24.90,365000
2025-05-21T20:54:02.485868,2,1000,20.87,367000
2025-05-21T20:54:02.548841,2,1000,21.67,369000
2025-05-21T20:54:02.609295,2,1000,20.22,371000
2025-05-21T20:54:02.670464,2,1000,20.43,373000
2025-05-21T20:54:02.747321,2,1000,35.98,375000
2025-05-21T20:54:02.820568,2,1000,22.02,377000
2025-05-21T20:54:02.895011,2,1000,22.85,379000
2025-05-21T20:54:02.972977,2,1000,26.41,381000
2025-05-21T20:54:03.050703,2,1000,20.25,383000
2025-05-21T20:54:03.121132,2,1000,19.79,385000
2025-05-21T20:54:03.192287,2,1000,20.53,387000
2025-05-21T20:54:03.261767,2,1000,18.94,389000
2025-05-21T20:54:03.330294,2,1000,19.67,391000
2025-05-21T20:54:03.400168,2,1000,19.48,393000
2025-05-21T20:54:03.470218,2,1000,19.60,395000
2025-05-21T20:54:03.539447,2,1000,19.52,397000
2025-05-21T20:54:03.609855,2,1000,20.02,399000
2025-05-21T20:54:03.680975,2,1000,27.16,401000
2025-05-21T20:54:03.757948,2,1000,22.08,403000
2025-05-21T20:54:03.826010,2,1000,19.19,405000
2025-05-21T20:54:03.894924,2,1000,21.06,407000
2025-05-21T20:54:03.961564,2,1000,19.56,409000
2025-05-21T20:54:04.021701,2,1000,20.67,411000
2025-05-21T20:54:04.083019,2,1000,21.13,413000
2025-05-21T20:54:04.144646,2,1000,21.12,415000
2025-05-21T20:54:04.206669,2,1000,21.28,417000
2025-05-21T20:54:04.271109,2,1000,21.70,419000
2025-05-21T20:54:04.333257,2,1000,20.97,421000
2025-05-21T20:54:04.400227,2,1000,21.17,423000
2025-05-21T20:54:04.464825,2,1000,22.30,425000
2025-05-21T20:54:04.524341,2,1000,19.41,427000
2025-05-21T20:54:04.583799,2,1000,19.32,429000
2025-05-21T20:54:04.644304,2,1000,19.49,431000
2025-05-21T20:54:04.705585,2,1000,20.36,433000
2025-05-21T20:54:04.757385,2,1000,12.71,435000
2025-05-21T20:54:04.829386,2,1000,14.09,437000
2025-05-21T20:54:04.901426,2,1000,14.91,439000
2025-05-21T20:54:04.975778,2,1000,18.27,441000
2025-05-21T20:54:05.046241,2,1000,14.50,443000
2025-05-21T20:54:05.115097,2,1000,15.39,445000
2025-05-21T20:54:05.189350,2,1000,17.91,447000
2025-05-21T20:54:05.270710,2,1000,24.54,449000
2025-05-21T20:54:05.340812,2,1000,21.20,451000
2025-05-21T20:54:05.406708,2,1000,20.07,453000
2025-05-21T20:54:05.468167,2,1000,20.59,455000
2025-05-21T20:54:05.531235,2,1000,21.69,457000
2025-05-21T20:54:05.594346,2,1000,21.83,459000
2025-05-21T20:54:05.656871,2,1000,21.54,461000
2025-05-21T20:54:05.725002,2,1000,21.49,463000
2025-05-21T20:54:05.791934,2,1000,21.63,465000
2025-05-21T20:54:05.854249,2,1000,21.44,467000
2025-05-21T20:54:05.916458,2,1000,21.54,469000
2025-05-21T20:54:05.976286,2,1000,19.79,471000
2025-05-21T20:54:06.033595,2,1000,18.44,473000
2025-05-21T20:54:06.091934,2,1000,18.63,475000
2025-05-21T20:54:06.150205,2,1000,18.68,477000
2025-05-21T20:54:06.207763,2,1000,18.67,479000
2025-05-21T20:54:06.265811,2,1000,18.87,481000
2025-05-21T20:54:06.331162,2,1000,19.59,483000
2025-05-21T20:54:06.389340,2,1000,18.79,485000
2025-05-21T20:54:06.446400,2,1000,18.68,487000
2025-05-21T20:54:06.504490,2,1000,18.56,489000
2025-05-21T20:54:06.561413,2,1000,18.40,491000
2025-05-21T20:54:06.618697,2,1000,18.27,493000
2025-05-21T20:54:06.681560,2,1000,24.05,495000
2025-05-21T20:54:06.751588,2,1000,31.75,497000
2025-05-21T20:54:06.816204,2,1000,19.52,499000
2025-05-21T20:54:06.873567,2,1000,18.63,501000
2025-05-21T20:54:06.938365,2,1000,19.58,503000
2025-05-21T20:54:06.998448,2,1000,19.90,505000
2025-05-21T20:54:07.057960,2,1000,19.99,507000
2025-05-21T20:54:07.117696,2,1000,20.13,509000
2025-05-21T20:54:07.177562,2,1000,20.11,511000
2025-05-21T20:54:07.241943,2,1000,25.28,513000
2025-05-21T20:54:07.301989,2,1000,20.28,515000
2025-05-21T20:54:07.368758,2,1000,22.06,517000
2025-05-21T20:54:07.433889,2,1000,22.75,519000
2025-05-21T20:54:07.497259,2,1000,21.70,521000
2025-05-21T20:54:07.567713,2,1000,22.35,523000
2025-05-21T20:54:07.628262,2,1000,19.52,525000
2025-05-21T20:54:07.686555,2,1000,18.86,527000
2025-05-21T20:54:07.762590,2,1000,36.14,529000
2025-05-21T20:54:07.834342,2,1000,19.96,531000
2025-05-21T20:54:07.905122,2,1000,19.43,533000
2025-05-21T20:54:07.976149,2,1000,19.69,535000
2025-05-21T20:54:08.045906,2,1000,19.17,537000
2025-05-21T20:54:08.115674,2,1000,19.02,539000
2025-05-21T20:54:08.185699,2,1000,19.24,541000
2025-05-21T20:54:08.246033,2,1000,20.79,543000
2025-05-21T20:54:08.304897,2,1000,19.69,545000
2025-05-21T20:54:08.363173,2,1000,19.43,547000
2025-05-21T20:54:08.420673,2,1000,18.63,549000
2025-05-21T20:54:08.477823,2,1000,18.45,551000
2025-05-21T20:54:08.535275,2,1000,18.31,553000
2025-05-21T20:54:08.595570,2,1000,20.96,555000
2025-05-21T20:54:08.656937,2,1000,20.39,557000
2025-05-21T20:54:08.716904,2,1000,20.41,559000
2025-05-21T20:54:08.780164,2,1000,20.74,561000
2025-05-21T20:54:08.847503,2,1000,20.80,563000
2025-05-21T20:54:08.907690,2,1000,20.34,565000
2025-05-21T20:54:08.966800,2,1000,19.81,567000
2025-05-21T20:54:09.026627,2,1000,19.97,569000
2025-05-21T20:54:09.086085,2,1000,19.89,571000
2025-05-21T20:54:09.145447,2,1000,19.84,573000
2025-05-21T20:54:09.204008,2,1000,19.12,575000
2025-05-21T20:54:09.262862,2,1000,19.50,577000
2025-05-21T20:54:09.325245,2,1000,23.75,579000
2025-05-21T20:54:09.383245,2,1000,19.20,581000
2025-05-21T20:54:09.442145,2,1000,19.43,583000
2025-05-21T20:54:09.505204,2,1000,18.73,585000
2025-05-21T20:54:09.562739,2,1000,18.70,587000
2025-05-21T20:54:09.620318,2,1000,18.43,589000
2025-05-21T20:54:09.678797,2,1000,18.95,591000
2025-05-21T20:54:09.735539,2,1000,17.99,593000
2025-05-21T20:54:09.796863,2,1000,20.52,595000
2025-05-21T20:54:09.865144,2,1000,20.10,597000
2025-05-21T20:54:09.926935,2,1000,18.67,599000
2025-05-21T20:54:09.985487,2,1000,19.33,601000
2025-05-21T20:54:10.050143,2,1000,19.27,603000
2025-05-21T20:54:10.110044,2,1000,21.22,605000
2025-05-21T20:54:10.175116,2,1000,23.52,607000
2025-05-21T20:54:10.234174,2,1000,20.13,609000
2025-05-21T20:54:10.293713,2,1000,20.11,611000
2025-05-21T20:54:10.356127,2,1000,20.58,613000
2025-05-21T20:54:10.416294,2,1000,20.35,615000
2025-05-21T20:54:10.475348,2,1000,20.29,617000
2025-05-21T20:54:10.535539,2,1000,20.77,619000
2025-05-21T20:54:10.595871,2,1000,20.43,621000
2025-05-21T20:54:10.657222,2,1000,20.55,623000
2025-05-21T20:54:10.724510,2,1000,20.08,625000
2025-05-21T20:54:10.793055,2,1000,14.76,627000
2025-05-21T20:54:10.865663,2,1000,14.48,629000
2025-05-21T20:54:10.945106,2,1000,21.24,631000
2025-05-21T20:54:11.013399,2,1000,18.87,633000
2025-05-21T20:54:11.080202,2,1000,20.22,635000
2025-05-21T20:54:11.148444,2,1000,23.56,637000
2025-05-21T20:54:11.207439,2,1000,19.40,639000
2025-05-21T20:54:11.265212,2,1000,19.04,641000
2025-05-21T20:54:11.328814,2,1000,18.89,643000
2025-05-21T20:54:11.388217,2,1000,18.76,645000
2025-05-21T20:54:11.446322,2,1000,19.01,647000
2025-05-21T20:54:11.504723,2,1000,18.86,649000
2025-05-21T20:54:11.562864,2,1000,18.72,651000
2025-05-21T20:54:11.620942,2,1000,19.31,653000
2025-05-21T20:54:11.678659,2,1000,19.04,655000
2025-05-21T20:54:11.736388,2,1000,18.82,657000
2025-05-21T20:54:11.794093,2,1000,17.63,659000
2025-05-21T20:54:11.875004,2,1000,22.91,661000
2025-05-21T20:54:11.945013,2,1000,21.41,663000
2025-05-21T20:54:12.009839,2,1000,20.56,665000
2025-05-21T20:54:12.069830,2,1000,20.42,667000
2025-05-21T20:54:12.129717,2,1000,20.21,669000
2025-05-21T20:54:12.189798,2,1000,20.16,671000
2025-05-21T20:54:12.248521,2,1000,19.19,673000
2025-05-21T20:54:12.309180,2,1000,20.40,675000
2025-05-21T20:54:12.369116,2,1000,20.24,677000
2025-05-21T20:54:12.429005,2,1000,20.36,679000
2025-05-21T20:54:12.489516,2,1000,20.53,681000
2025-05-21T20:54:12.557084,2,1000,20.68,683000
2025-05-21T20:54:01.659401,1,1000,21.73,344000
2025-05-21T20:54:01.731909,1,1000,22.77,346000
2025-05-21T20:54:01.804017,1,1000,14.67,348000
2025-05-21T20:54:01.876226,1,1000,21.48,350000
2025-05-21T20:54:01.948518,1,1000,22.13,352000
2025-05-21T20:54:02.019610,1,1000,21.50,354000
2025-05-21T20:54:02.091977,1,1000,21.02,356000
2025-05-21T20:54:02.165278,1,1000,22.71,358000
2025-05-21T20:54:02.240335,1,1000,23.95,360000
2025-05-21T20:54:02.322027,1,1000,19.68,362000
2025-05-21T20:54:02.389320,1,1000,27.23,364000
2025-05-21T20:54:02.455471,1,1000,21.94,366000
2025-05-21T20:54:02.517487,1,1000,21.46,368000
2025-05-21T20:54:02.579200,1,1000,20.50,370000
2025-05-21T20:54:02.640060,1,1000,20.29,372000
2025-05-21T20:54:02.701916,1,1000,21.37,374000
2025-05-21T20:54:02.757165,1,1000,14.49,376000
2025-05-21T20:54:02.829651,1,1000,14.31,378000
2025-05-21T20:54:02.903880,1,1000,15.04,380000
2025-05-21T20:54:02.978826,1,1000,15.27,382000
2025-05-21T20:54:03.059682,1,1000,13.77,384000
2025-05-21T20:54:03.130362,1,1000,13.80,386000
2025-05-21T20:54:03.200811,1,1000,13.57,388000
2025-05-21T20:54:03.272042,1,1000,13.80,390000
2025-05-21T20:54:03.340843,1,1000,15.44,392000
2025-05-21T20:54:03.411300,1,1000,14.94,394000
2025-05-21T20:54:03.481923,1,1000,16.17,396000
2025-05-21T20:54:03.549703,1,1000,14.82,398000
2025-05-21T20:54:03.622539,1,1000,17.45,400000
2025-05-21T20:54:03.694513,1,1000,18.71,402000
2025-05-21T20:54:03.768269,1,1000,15.03,404000
2025-05-21T20:54:03.837606,1,1000,15.54,406000
2025-05-21T20:54:03.916718,1,1000,25.57,408000
2025-05-21T20:54:03.986296,1,1000,20.50,410000
2025-05-21T20:54:04.051492,1,1000,20.02,412000
2025-05-21T20:54:04.113697,1,1000,21.03,414000
2025-05-21T20:54:04.176998,1,1000,22.84,416000
2025-05-21T20:54:04.239793,1,1000,22.09,418000
2025-05-21T20:54:04.302901,1,1000,21.78,420000
2025-05-21T20:54:04.364327,1,1000,20.91,422000
2025-05-21T20:54:04.433083,1,1000,22.06,424000
2025-05-21T20:54:04.495353,1,1000,20.86,426000
2025-05-21T20:54:04.553635,1,1000,19.36,428000
2025-05-21T20:54:04.614563,1,1000,20.04,430000
2025-05-21T20:54:04.674639,1,1000,19.52,432000
2025-05-21T20:54:04.748194,1,1000,32.79,434000
2025-05-21T20:54:04.820218,1,1000,20.97,436000
2025-05-21T20:54:04.892172,1,1000,21.15,438000
2025-05-21T20:54:04.962684,1,1000,21.57,440000
2025-05-21T20:54:05.028654,1,1000,20.81,442000
2025-05-21T20:54:05.104975,1,1000,20.81,444000
2025-05-21T20:54:05.177000,1,1000,21.29,446000
2025-05-21T20:54:05.249283,1,1000,20.57,448000
2025-05-21T20:54:05.316242,1,1000,20.32,450000
2025-05-21T20:54:05.376797,1,1000,20.43,452000
2025-05-21T20:54:05.437477,1,1000,20.49,454000
2025-05-21T20:54:05.499060,1,1000,20.55,456000
2025-05-21T20:54:05.563205,1,1000,22.12,458000
2025-05-21T20:54:05.625796,1,1000,21.51,460000
2025-05-21T20:54:05.691041,1,1000,23.35,462000
2025-05-21T20:54:05.760783,1,1000,21.59,464000
2025-05-21T20:54:05.821945,1,1000,21.15,466000
2025-05-21T20:54:05.885827,1,1000,21.96,468000
2025-05-21T20:54:05.946994,1,1000,20.15,470000
2025-05-21T20:54:06.004852,1,1000,18.75,472000
2025-05-21T20:54:06.063092,1,1000,18.89,474000
2025-05-21T20:54:06.121058,1,1000,18.62,476000
2025-05-21T20:54:06.179217,1,1000,18.65,478000
2025-05-21T20:54:06.237439,1,1000,19.30,480000
2025-05-21T20:54:06.296269,1,1000,19.98,482000
2025-05-21T20:54:06.360768,1,1000,19.15,484000
2025-05-21T20:54:06.419200,1,1000,19.97,486000
2025-05-21T20:54:06.476205,1,1000,18.51,488000
2025-05-21T20:54:06.532711,1,1000,18.59,490000
2025-05-21T20:54:06.589488,1,1000,18.05,492000
2025-05-21T20:54:06.647223,1,1000,18.53,494000
2025-05-21T20:54:06.707436,1,1000,21.29,496000
2025-05-21T20:54:06.770977,1,1000,22.26,498000
2025-05-21T20:54:06.840207,1,1000,20.30,500000
2025-05-21T20:54:06.904303,1,1000,20.81,502000
2025-05-21T20:54:06.968029,1,1000,18.64,504000
2025-05-21T20:54:07.027972,1,1000,19.96,506000
2025-05-21T20:54:07.086934,1,1000,19.67,508000
2025-05-21T20:54:07.147338,1,1000,20.07,510000
2025-05-21T20:54:07.206884,1,1000,20.15,512000
2025-05-21T20:54:07.266672,1,1000,20.50,514000
2025-05-21T20:54:07.335929,1,1000,24.97,516000
2025-05-21T20:54:07.401529,1,1000,23.25,518000
2025-05-21T20:54:07.466153,1,1000,22.01,520000
2025-05-21T20:54:07.529037,1,1000,21.93,522000
2025-05-21T20:54:07.598627,1,1000,20.07,524000
2025-05-21T20:54:07.658364,1,1000,20.47,526000
2025-05-21T20:54:07.716484,1,1000,19.32,528000
2025-05-21T20:54:07.773543,1,1000,13.95,530000
2025-05-21T20:54:07.844254,1,1000,12.93,532000
2025-05-21T20:54:07.915253,1,1000,13.49,534000
2025-05-21T20:54:07.987047,1,1000,14.05,536000
2025-05-21T20:54:08.057442,1,1000,14.64,538000
2025-05-21T20:54:08.126935,1,1000,14.30,540000
2025-05-21T20:54:08.205174,1,1000,22.72,542000
2025-05-21T20:54:08.274657,1,1000,20.40,544000
2025-05-21T20:54:08.333837,1,1000,19.41,546000
2025-05-21T20:54:08.392091,1,1000,19.17,548000
2025-05-21T20:54:08.449283,1,1000,18.51,550000
2025-05-21T20:54:08.506228,1,1000,18.35,552000
2025-05-21T20:54:08.567012,1,1000,21.20,554000
2025-05-21T20:54:08.626985,1,1000,20.35,556000
2025-05-21T20:54:08.686516,1,1000,20.22,558000
2025-05-21T20:54:08.748649,1,1000,22.11,560000
2025-05-21T20:54:08.810628,1,1000,21.09,562000
2025-05-21T20:54:08.876975,1,1000,20.43,564000
2025-05-21T20:54:08.936882,1,1000,19.94,566000
2025-05-21T20:54:08.996748,1,1000,19.92,568000
2025-05-21T20:54:09.056097,1,1000,19.87,570000
2025-05-21T20:54:09.114962,1,1000,19.13,572000
2025-05-21T20:54:09.174949,1,1000,19.98,574000
2025-05-21T20:54:09.233336,1,1000,19.10,576000
2025-05-21T20:54:09.290624,1,1000,18.63,578000
2025-05-21T20:54:09.350127,1,1000,19.31,580000
2025-05-21T20:54:09.412711,1,1000,19.74,582000
2025-05-21T20:54:09.475555,1,1000,17.60,584000
2025-05-21T20:54:09.533542,1,1000,18.33,586000
2025-05-21T20:54:09.591807,1,1000,18.81,588000
2025-05-21T20:54:09.649673,1,1000,18.69,590000
2025-05-21T20:54:09.707381,1,1000,18.60,592000
2025-05-21T20:54:09.777273,1,1000,30.69,594000
2025-05-21T20:54:09.841060,1,1000,18.53,596000
2025-05-21T20:54:09.898020,1,1000,18.43,598000
2025-05-21T20:54:09.957793,1,1000,20.51,600000
2025-05-21T20:54:10.016700,1,1000,19.83,602000
2025-05-21T20:54:10.084626,1,1000,25.04,604000
2025-05-21T20:54:10.141474,1,1000,18.54,606000
2025-05-21T20:54:10.203404,1,1000,23.07,608000
2025-05-21T20:54:10.264243,1,1000,20.33,610000
2025-05-21T20:54:10.325879,1,1000,22.44,612000
2025-05-21T20:54:10.385444,1,1000,20.45,614000
2025-05-21T20:54:10.446064,1,1000,20.30,616000
2025-05-21T20:54:10.504302,1,1000,20.03,618000
2025-05-21T20:54:10.564999,1,1000,20.50,620000
2025-05-21T20:54:10.627045,1,1000,21.66,622000
2025-05-21T20:54:10.700490,1,1000,26.94,624000
2025-05-21T20:54:10.781576,1,1000,41.26,626000
2025-05-21T20:54:10.855011,1,1000,21.36,628000
2025-05-21T20:54:10.927418,1,1000,21.87,630000
2025-05-21T20:54:10.991084,1,1000,19.88,632000
2025-05-21T20:54:11.056227,1,1000,25.61,634000
2025-05-21T20:54:11.115291,1,1000,19.90,636000
2025-05-21T20:54:11.177918,1,1000,20.21,638000
2025-05-21T20:54:11.236208,1,1000,19.19,640000
2025-05-21T20:54:11.295235,1,1000,20.10,642000
2025-05-21T20:54:11.359461,1,1000,19.01,644000
2025-05-21T20:54:11.418337,1,1000,19.89,646000
2025-05-21T20:54:11.475930,1,1000,18.80,648000
2025-05-21T20:54:11.533893,1,1000,18.67,650000
2025-05-21T20:54:11.591358,1,1000,18.50,652000
2025-05-21T20:54:11.649921,1,1000,18.81,654000
2025-05-21T20:54:11.707484,1,1000,18.90,656000
2025-05-21T20:54:11.785356,1,1000,38.61,658000
2025-05-21T20:54:11.855040,1,1000,19.62,660000
2025-05-21T20:54:11.913064,1,1000,19.07,662000
2025-05-21T20:54:11.979787,1,1000,20.32,664000
2025-05-21T20:54:12.039963,1,1000,20.32,666000
2025-05-21T20:54:12.099890,1,1000,20.52,668000
2025-05-21T20:54:12.160015,1,1000,20.25,670000
2025-05-21T20:54:12.219794,1,1000,20.21,672000
2025-05-21T20:54:12.279131,1,1000,20.33,674000
2025-05-21T20:54:12.339214,1,1000,20.31,676000
2025-05-21T20:54:12.398951,1,1000,20.47,678000
2025-05-21T20:54:12.459549,1,1000,20.66,680000
2025-05-21T20:54:12.520777,1,1000,21.41,682000
2025-05-21T20:54:12.586967,1,1000,20.29,684000
2025-05-21T20:54:12.623362,2,1000,20.39,685000
2025-05-21T20:54:12.683196,2,1000,20.15,687000
2025-05-21T20:54:12.741985,2,1000,19.29,689000
2025-05-21T20:54:12.794233,2,1000,12.65,691000
2025-05-21T20:54:12.864064,2,1000,12.66,693000
2025-05-21T20:54:12.935047,2,1000,13.41,695000
2025-05-21T20:54:13.008063,2,1000,15.93,697000
2025-05-21T20:54:13.078136,2,1000,15.33,699000
2025-05-21T20:54:13.159466,2,1000,26.98,701000
2025-05-21T20:54:13.231527,2,1000,21.72,703000
2025-05-21T20:54:13.295764,2,1000,20.50,705000
2025-05-21T20:54:13.355995,2,1000,20.24,707000
2025-05-21T20:54:13.417949,2,1000,22.07,709000
2025-05-21T20:54:13.477100,2,1000,19.49,711000
2025-05-21T20:54:13.535591,2,1000,19.13,713000
2025-05-21T20:54:13.594345,2,1000,19.87,715000
2025-05-21T20:54:13.652451,2,1000,18.69,717000
2025-05-21T20:54:13.713637,2,1000,22.43,719000
2025-05-21T20:54:13.789020,2,1000,35.08,721000
2025-05-21T20:54:13.860395,2,1000,20.37,723000
2025-05-21T20:54:13.930101,2,1000,19.92,725000
2025-05-21T20:54:14.000918,2,1000,19.52,727000
2025-05-21T20:54:14.071903,2,1000,19.74,729000
2025-05-21T20:54:14.143218,2,1000,19.56,731000
2025-05-21T20:54:14.207212,2,1000,20.50,733000
2025-05-21T20:54:14.266491,2,1000,20.32,735000
2025-05-21T20:54:14.327517,2,1000,21.66,737000
2025-05-21T20:54:14.388093,2,1000,21.32,739000
2025-05-21T20:54:14.448588,2,1000,20.72,741000
2025-05-21T20:54:14.517516,2,1000,21.37,743000
2025-05-21T20:54:14.584172,2,1000,23.73,745000
2025-05-21T20:54:14.642807,2,1000,19.34,747000
2025-05-21T20:54:14.700529,2,1000,19.07,749000
2025-05-21T20:54:14.758231,2,1000,19.03,751000
2025-05-21T20:54:14.811015,2,1000,12.85,753000
2025-05-21T20:54:14.880718,2,1000,13.28,755000
2025-05-21T20:54:14.950947,2,1000,14.05,757000
2025-05-21T20:54:15.020205,2,1000,14.37,759000
2025-05-21T20:54:15.088938,2,1000,14.07,761000
2025-05-21T20:54:15.160085,2,1000,15.53,763000
2025-05-21T20:54:15.236846,2,1000,22.42,765000
2025-05-21T20:54:15.304804,2,1000,20.92,767000
2025-05-21T20:54:15.366732,2,1000,19.26,769000
2025-05-21T20:54:15.427419,2,1000,21.82,771000
2025-05-21T20:54:15.491323,2,1000,25.24,773000
2025-05-21T20:54:15.548910,2,1000,18.72,775000
2025-05-21T20:54:15.608959,2,1000,21.23,777000
2025-05-21T20:54:15.670074,2,1000,21.46,779000
2025-05-21T20:54:15.730570,2,1000,20.79,781000
2025-05-21T20:54:15.813611,2,1000,36.70,783000
2025-05-21T20:54:15.884520,2,1000,19.54,785000
2025-05-21T20:54:15.954588,2,1000,19.84,787000
2025-05-21T20:54:16.026100,2,1000,20.53,789000
2025-05-21T20:54:16.096686,2,1000,20.25,791000
2025-05-21T20:54:16.168595,2,1000,20.40,793000
2025-05-21T20:54:16.238932,2,1000,19.27,795000
2025-05-21T20:54:16.311100,2,1000,20.68,797000
2025-05-21T20:54:16.394958,2,1000,32.48,799000
2025-05-21T20:54:16.474431,2,1000,19.77,801000
2025-05-21T20:54:16.548932,2,1000,21.85,803000
2025-05-21T20:54:16.619874,2,1000,19.67,805000
2025-05-21T20:54:16.688614,2,1000,19.12,807000
2025-05-21T20:54:16.759071,2,1000,19.69,809000
2025-05-21T20:54:16.831179,2,1000,20.33,811000
2025-05-21T20:54:16.901893,2,1000,19.75,813000
2025-05-21T20:54:16.973128,2,1000,21.38,815000
2025-05-21T20:54:17.046513,2,1000,21.61,817000
2025-05-21T20:54:17.116842,2,1000,19.35,819000
2025-05-21T20:54:17.187090,2,1000,19.45,821000
2025-05-21T20:54:17.258143,2,1000,19.42,823000
2025-05-21T20:54:17.334791,2,1000,28.10,825000
2025-05-21T20:54:17.401774,2,1000,20.79,827000
2025-05-21T20:54:17.462527,2,1000,20.39,829000
2025-05-21T20:54:17.523907,2,1000,20.99,831000
2025-05-21T20:54:17.585832,2,1000,21.48,833000
2025-05-21T20:54:17.649602,2,1000,22.26,835000
2025-05-21T20:54:17.716505,2,1000,23.40,837000
2025-05-21T20:54:17.779109,2,1000,21.60,839000
2025-05-21T20:54:17.843079,2,1000,20.99,841000
2025-05-21T20:54:17.925816,2,1000,16.43,843000
2025-05-21T20:54:18.003489,2,1000,14.37,845000
2025-05-21T20:54:18.076383,2,1000,14.41,847000
2025-05-21T20:54:18.147633,2,1000,14.11,849000
2025-05-21T20:54:18.219502,2,1000,14.09,851000
2025-05-21T20:54:18.290000,2,1000,14.06,853000
2025-05-21T20:54:18.361339,2,1000,14.27,855000
2025-05-21T20:54:18.432599,2,1000,14.29,857000
2025-05-21T20:54:18.506179,2,1000,14.50,859000
2025-05-21T20:54:18.578542,2,1000,14.27,861000
2025-05-21T20:54:18.684789,2,1000,20.06,863000
2025-05-21T20:54:18.758112,2,1000,14.23,865000
2025-05-21T20:54:18.845262,2,1000,24.38,867000
2025-05-21T20:54:18.927533,2,1000,15.09,869000
2025-05-21T20:54:19.006295,2,1000,15.95,871000
2025-05-21T20:54:19.089206,2,1000,18.40,873000
2025-05-21T20:54:19.174456,2,1000,23.73,875000
2025-05-21T20:54:19.245573,2,1000,21.82,877000
2025-05-21T20:54:19.308262,2,1000,19.32,879000
2025-05-21T20:54:19.367084,2,1000,19.40,881000
2025-05-21T20:54:19.427424,2,1000,20.12,883000
2025-05-21T20:54:19.489073,2,1000,22.35,885000
2025-05-21T20:54:19.550410,2,1000,22.29,887000
2025-05-21T20:54:19.608494,2,1000,19.14,889000
2025-05-21T20:54:19.670161,2,1000,22.95,891000
2025-05-21T20:54:19.738244,2,1000,27.68,893000
2025-05-21T20:54:19.823915,2,1000,45.34,895000
2025-05-21T20:54:19.908213,2,1000,26.53,897000
2025-05-21T20:54:20.001319,2,1000,35.39,899000
2025-05-21T20:54:20.089239,2,1000,31.41,901000
2025-05-21T20:54:20.191018,2,1000,43.70,903000
2025-05-21T20:54:20.289318,2,1000,41.94,905000
2025-05-21T20:54:20.370299,2,1000,23.25,907000
2025-05-21T20:54:20.432552,2,1000,22.21,909000
2025-05-21T20:54:20.495688,2,1000,21.91,911000
2025-05-21T20:54:20.559469,2,1000,21.29,913000
2025-05-21T20:54:20.638048,2,1000,38.56,915000
2025-05-21T20:54:20.724341,2,1000,33.84,917000
2025-05-21T20:54:20.823454,2,1000,40.88,919000
2025-05-21T20:54:20.905530,2,1000,17.55,921000
2025-05-21T20:54:21.009413,2,1000,39.08,923000
2025-05-21T20:54:21.104126,2,1000,37.97,925000
2025-05-21T20:54:21.184824,2,1000,22.74,927000
2025-05-21T20:54:21.266233,2,1000,23.89,929000
2025-05-21T20:54:21.348939,2,1000,25.00,931000
2025-05-21T20:54:21.435647,2,1000,28.87,933000
2025-05-21T20:54:21.536953,2,1000,37.54,935000
2025-05-21T20:54:21.618498,2,1000,17.26,937000
2025-05-21T20:54:21.688884,2,1000,13.81,939000
2025-05-21T20:54:21.758429,2,1000,19.87,941000
2025-05-21T20:54:21.846154,2,1000,47.40,943000
2025-05-21T20:54:21.916467,2,1000,13.08,945000
2025-05-21T20:54:21.985944,2,1000,18.80,947000
2025-05-21T20:54:22.055805,2,1000,19.27,949000
2025-05-21T20:54:22.130512,2,1000,32.08,951000
2025-05-21T20:54:22.193877,2,1000,24.78,953000
2025-05-21T20:54:22.265898,2,1000,30.40,955000
2025-05-21T20:54:22.336980,2,1000,28.52,957000
2025-05-21T20:54:22.413686,2,1000,38.45,959000
2025-05-21T20:54:22.484885,2,1000,31.25,961000
2025-05-21T20:54:22.559382,2,1000,29.96,963000
2025-05-21T20:54:22.633501,2,1000,31.09,965000
2025-05-21T20:54:22.709455,2,1000,36.51,967000
2025-05-21T20:54:22.787105,2,1000,38.04,969000
2025-05-21T20:54:22.864699,2,1000,35.59,971000
2025-05-21T20:54:22.935931,2,1000,26.25,973000
2025-05-21T20:54:23.016623,2,1000,31.95,975000
2025-05-21T20:54:23.093917,2,1000,35.83,977000
2025-05-21T20:54:23.175121,2,1000,41.48,979000
2025-05-21T20:54:23.256224,2,1000,41.22,981000
2025-05-21T20:54:23.342993,2,1000,44.42,983000
2025-05-21T20:54:23.424794,2,1000,42.31,985000
2025-05-21T20:54:23.505688,2,1000,41.23,987000
2025-05-21T20:54:23.588310,2,1000,43.64,989000
2025-05-21T20:54:23.670965,2,1000,43.29,991000
2025-05-21T20:54:23.752456,2,1000,41.57,993000
2025-05-21T20:54:23.856428,2,1000,64.26,995000
2025-05-21T20:54:23.929333,2,1000,32.94,997000
2025-05-21T20:54:23.992491,2,1000,23.56,999000
2025-05-21T20:54:12.653567,1,1000,20.55,686000
2025-05-21T20:54:12.713074,1,1000,20.25,688000
2025-05-21T20:54:12.784470,1,1000,32.38,690000
2025-05-21T20:54:12.854260,1,1000,20.01,692000
2025-05-21T20:54:12.924764,1,1000,19.40,694000
2025-05-21T20:54:12.995383,1,1000,19.43,696000
2025-05-21T20:54:13.065683,1,1000,18.89,698000
2025-05-21T20:54:13.135453,1,1000,18.64,700000
2025-05-21T20:54:13.200294,1,1000,20.92,702000
2025-05-21T20:54:13.265646,1,1000,20.41,704000
2025-05-21T20:54:13.324647,1,1000,19.41,706000
2025-05-21T20:54:13.385736,1,1000,20.06,708000
2025-05-21T20:54:13.447171,1,1000,19.73,710000
2025-05-21T20:54:13.505925,1,1000,19.37,712000
2025-05-21T20:54:13.565130,1,1000,19.31,714000
2025-05-21T20:54:13.623413,1,1000,19.04,716000
2025-05-21T20:54:13.681061,1,1000,18.62,718000
2025-05-21T20:54:13.742561,1,1000,22.16,720000
2025-05-21T20:54:13.801519,1,1000,16.24,722000
2025-05-21T20:54:13.871071,1,1000,13.79,724000
2025-05-21T20:54:13.941618,1,1000,14.79,726000
2025-05-21T20:54:14.011631,1,1000,13.80,728000
2025-05-21T20:54:14.082696,1,1000,13.94,730000
2025-05-21T20:54:14.160229,1,1000,20.27,732000
2025-05-21T20:54:14.230610,1,1000,20.57,734000
2025-05-21T20:54:14.296207,1,1000,20.58,736000
2025-05-21T20:54:14.357236,1,1000,20.87,738000
2025-05-21T20:54:14.418248,1,1000,21.10,740000
2025-05-21T20:54:14.483132,1,1000,23.06,742000
2025-05-21T20:54:14.551857,1,1000,21.70,744000
2025-05-21T20:54:14.613236,1,1000,19.98,746000
2025-05-21T20:54:14.671331,1,1000,18.95,748000
2025-05-21T20:54:14.728921,1,1000,18.81,750000
2025-05-21T20:54:14.801113,1,1000,33.40,752000
2025-05-21T20:54:14.870230,1,1000,18.47,754000
2025-05-21T20:54:14.939211,1,1000,17.96,756000
2025-05-21T20:54:15.008767,1,1000,19.06,758000
2025-05-21T20:54:15.077807,1,1000,18.68,760000
2025-05-21T20:54:15.147471,1,1000,19.22,762000
2025-05-21T20:54:15.217569,1,1000,19.13,764000
2025-05-21T20:54:15.279622,1,1000,24.51,766000
2025-05-21T20:54:15.337341,1,1000,18.94,768000
2025-05-21T20:54:15.395142,1,1000,18.79,770000
2025-05-21T20:54:15.453468,1,1000,19.29,772000
2025-05-21T20:54:15.517283,1,1000,22.25,774000
2025-05-21T20:54:15.578152,1,1000,18.97,776000
2025-05-21T20:54:15.637583,1,1000,20.27,778000
2025-05-21T20:54:15.701522,1,1000,22.03,780000
2025-05-21T20:54:15.763030,1,1000,21.82,782000
2025-05-21T20:54:15.824765,1,1000,14.14,784000
2025-05-21T20:54:15.895782,1,1000,14.33,786000
2025-05-21T20:54:15.965282,1,1000,13.98,788000
2025-05-21T20:54:16.036549,1,1000,13.75,790000
2025-05-21T20:54:16.107230,1,1000,13.91,792000
2025-05-21T20:54:16.178666,1,1000,13.85,794000
2025-05-21T20:54:16.250783,1,1000,14.90,796000
2025-05-21T20:54:16.321790,1,1000,14.18,798000
2025-05-21T20:54:16.404661,1,1000,21.47,800000
2025-05-21T20:54:16.486068,1,1000,15.07,802000
2025-05-21T20:54:16.558062,1,1000,13.52,804000
2025-05-21T20:54:16.628594,1,1000,12.79,806000
2025-05-21T20:54:16.698080,1,1000,13.00,808000
2025-05-21T20:54:16.769718,1,1000,14.24,810000
2025-05-21T20:54:16.840081,1,1000,12.80,812000
2025-05-21T20:54:16.911200,1,1000,13.01,814000
2025-05-21T20:54:16.984445,1,1000,15.09,816000
2025-05-21T20:54:17.057255,1,1000,14.62,818000
2025-05-21T20:54:17.129097,1,1000,15.30,820000
2025-05-21T20:54:17.198414,1,1000,14.52,822000
2025-05-21T20:54:17.277854,1,1000,22.89,824000
2025-05-21T20:54:17.356234,1,1000,25.37,826000
2025-05-21T20:54:17.426962,1,1000,22.04,828000
2025-05-21T20:54:17.493135,1,1000,20.48,830000
2025-05-21T20:54:17.554539,1,1000,21.16,832000
2025-05-21T20:54:17.617975,1,1000,22.10,834000
2025-05-21T20:54:17.683055,1,1000,24.00,836000
2025-05-21T20:54:17.747410,1,1000,21.84,838000
2025-05-21T20:54:17.838655,1,1000,50.20,840000
2025-05-21T20:54:17.920668,1,1000,23.18,842000
2025-05-21T20:54:17.993618,1,1000,15.17,844000
2025-05-21T20:54:18.065590,1,1000,20.67,846000
2025-05-21T20:54:18.137483,1,1000,20.85,848000
2025-05-21T20:54:18.209047,1,1000,20.13,850000
2025-05-21T20:54:18.279051,1,1000,19.76,852000
2025-05-21T20:54:18.350730,1,1000,20.34,854000
2025-05-21T20:54:18.422654,1,1000,20.68,856000
2025-05-21T20:54:18.495681,1,1000,21.02,858000
2025-05-21T20:54:18.568526,1,1000,21.00,860000
2025-05-21T20:54:18.673945,1,1000,56.37,862000
2025-05-21T20:54:18.747774,1,1000,21.35,864000
2025-05-21T20:54:18.844366,1,1000,44.62,866000
2025-05-21T20:54:18.922700,1,1000,16.03,868000
2025-05-21T20:54:19.003107,1,1000,22.72,870000
2025-05-21T20:54:19.083762,1,1000,23.58,872000
2025-05-21T20:54:19.154454,1,1000,13.21,874000
2025-05-21T20:54:19.220481,1,1000,20.31,876000
2025-05-21T20:54:19.279481,1,1000,19.71,878000
2025-05-21T20:54:19.337899,1,1000,19.46,880000
2025-05-21T20:54:19.397567,1,1000,20.41,882000
2025-05-21T20:54:19.456311,1,1000,19.38,884000
2025-05-21T20:54:19.515768,1,1000,20.31,886000
2025-05-21T20:54:19.577794,1,1000,21.24,888000
2025-05-21T20:54:19.641460,1,1000,23.38,890000
2025-05-21T20:54:19.700590,1,1000,20.02,892000
2025-05-21T20:54:19.762907,1,1000,22.74,894000
2025-05-21T20:54:19.828702,1,1000,18.92,896000
2025-05-21T20:54:19.914105,1,1000,22.14,898000
2025-05-21T20:54:20.004196,1,1000,27.26,900000
2025-05-21T20:54:20.092090,1,1000,23.27,902000
2025-05-21T20:54:20.194439,1,1000,36.58,904000
2025-05-21T20:54:20.291634,1,1000,33.65,906000
2025-05-21T20:54:20.394835,1,1000,37.57,908000
2025-05-21T20:54:20.470159,1,1000,30.13,910000
2025-05-21T20:54:20.529747,1,1000,21.46,912000
2025-05-21T20:54:20.594673,1,1000,25.10,914000
2025-05-21T20:54:20.650362,1,1000,15.40,916000
2025-05-21T20:54:20.732377,1,1000,24.24,918000
2025-05-21T20:54:20.823942,1,1000,30.24,920000
2025-05-21T20:54:20.914527,1,1000,22.44,922000
2025-05-21T20:54:21.013655,1,1000,32.00,924000
2025-05-21T20:54:21.106333,1,1000,29.69,926000
2025-05-21T20:54:21.187890,1,1000,15.72,928000
2025-05-21T20:54:21.269167,1,1000,17.01,930000
2025-05-21T20:54:21.352667,1,1000,18.95,932000
2025-05-21T20:54:21.436530,1,1000,19.69,934000
2025-05-21T20:54:21.537587,1,1000,35.13,936000
2025-05-21T20:54:21.621988,1,1000,16.80,938000
2025-05-21T20:54:21.700988,1,1000,16.48,940000
2025-05-21T20:54:21.778419,1,1000,22.89,942000
2025-05-21T20:54:21.850978,1,1000,20.57,944000
2025-05-21T20:54:21.926084,1,1000,12.97,946000
2025-05-21T20:54:21.996343,1,1000,13.51,948000
2025-05-21T20:54:22.073202,1,1000,20.53,950000
2025-05-21T20:54:22.166045,1,1000,44.61,952000
2025-05-21T20:54:22.238415,1,1000,32.70,954000
2025-05-21T20:54:22.300848,1,1000,22.86,956000
2025-05-21T20:54:22.371223,1,1000,31.58,958000
2025-05-21T20:54:22.446183,1,1000,35.54,960000
2025-05-21T20:54:22.533843,1,1000,47.43,962000
2025-05-21T20:54:22.603680,1,1000,30.63,964000
2025-05-21T20:54:22.666814,1,1000,23.08,966000
2025-05-21T20:54:22.744288,1,1000,37.80,968000
2025-05-21T20:54:22.840391,1,1000,56.79,970000
2025-05-21T20:54:22.914746,1,1000,34.64,972000
2025-05-21T20:54:22.987620,1,1000,26.26,974000
2025-05-21T20:54:23.050810,1,1000,23.00,976000
2025-05-21T20:54:23.132411,1,1000,41.48,978000
2025-05-21T20:54:23.216031,1,1000,43.89,980000
2025-05-21T20:54:23.300187,1,1000,44.81,982000
2025-05-21T20:54:23.383167,1,1000,41.56,984000
2025-05-21T20:54:23.465647,1,1000,43.09,986000
2025-05-21T20:54:23.547616,1,1000,42.88,988000
2025-05-21T20:54:23.628268,1,1000,40.96,990000
2025-05-21T20:54:23.710116,1,1000,42.14,992000
2025-05-21T20:54:23.789536,1,1000,40.20,994000
2025-05-21T20:54:23.883231,1,1000,53.24,996000
2025-05-21T20:54:23.969374,1,1000,43.09,998000
2025-05-21T20:54:24.038357,1,1000,28.85,1000000
