timestamp,query_name_value,duration_ms,rows_found,current_table_rows_approx
2025-05-28T15:31:42.170490,王杰,23.01,593,1000000
2025-05-28T15:31:43.290268,刘建,21.53,380,1000000
2025-05-28T15:31:44.402138,杨淑珍,12.80,228,1000000
2025-05-28T15:31:45.504892,黄瑜,8.83,178,1000000
2025-05-28T15:31:46.605428,潘凤英,4.45,51,1000000
2025-05-28T15:31:47.696457,郑金凤,4.80,71,1000000
2025-05-28T15:31:48.795234,周勇,6.80,130,1000000
2025-05-28T15:31:49.884567,易柳,0.74,8,1000000
2025-05-28T15:31:50.982027,臧秀兰,1.65,4,1000000
2025-05-28T15:31:52.091977,刘莹,19.27,423,1000000
2025-05-28T15:31:53.192822,黄桂香,9.43,189,1000000
2025-05-28T15:31:54.313288,李静,25.92,558,1000000
2025-05-28T15:31:55.406075,冯坤,2.65,52,1000000
2025-05-28T15:31:56.512662,吴雪梅,6.81,149,1000000
2025-05-28T15:31:57.613200,叶桂芳,3.01,36,1000000
2025-05-28T15:31:58.708794,卞畅,0.52,2,1000000
2025-05-28T15:31:59.817717,张涛,18.92,523,1000000
2025-05-28T15:32:00.932132,张桂荣,17.81,514,1000000
2025-05-28T15:32:02.035023,赵波,6.39,171,1000000
2025-05-28T15:32:03.152836,王健,17.33,584,1000000
2025-05-28T15:32:04.244713,黄瑜,1.46,178,1000000
2025-05-28T15:32:05.341795,孙英,5.51,102,1000000
2025-05-28T15:32:06.438755,黄桂香,1.34,189,1000000
2025-05-28T15:32:07.531486,吴雪梅,1.46,149,1000000
2025-05-28T15:32:08.632232,周浩,5.84,135,1000000
2025-05-28T15:32:09.727726,孙欣,4.70,118,1000000
2025-05-28T15:32:10.819792,叶桂芳,0.61,36,1000000
2025-05-28T15:32:11.910710,卢雷,1.60,30,1000000
2025-05-28T15:32:13.005756,张桂荣,1.76,514,1000000
2025-05-28T15:32:14.105703,杨磊,8.53,268,1000000
2025-05-28T15:32:15.200001,周浩,1.10,135,1000000
2025-05-28T15:32:16.291100,卞畅,0.64,2,1000000
2025-05-28T15:32:17.382792,符涛,0.78,5,1000000
2025-05-28T15:32:18.478322,丁彬,2.60,43,1000000
2025-05-28T15:32:19.579032,廖建军,0.85,24,1000000
2025-05-28T15:32:20.672871,萧丽华,2.67,48,1000000
2025-05-28T15:32:21.772311,袁婷,2.01,42,1000000
2025-05-28T15:32:22.868890,杨磊,1.27,268,1000000
2025-05-28T15:32:23.961154,薛鑫,1.64,28,1000000
2025-05-28T15:32:25.054568,盘倩,0.68,2,1000000
2025-05-28T15:32:26.158406,张秀梅,13.10,507,1000000
2025-05-28T15:32:27.254723,丁彬,0.82,43,1000000
2025-05-28T15:32:28.350737,陈芳,8.60,356,1000000
2025-05-28T15:32:29.442333,晏杰,0.64,3,1000000
2025-05-28T15:32:30.534447,田桂芝,2.54,43,1000000
2025-05-28T15:32:31.626064,臧秀兰,0.50,4,1000000
2025-05-28T15:32:32.719487,张涛,1.78,523,1000000
2025-05-28T15:32:33.814585,魏磊,1.86,33,1000000
2025-05-28T15:32:34.910906,潘凤英,0.95,51,1000000
2025-05-28T15:32:36.003304,姜桂荣,1.81,35,1000000
2025-05-28T15:32:37.107741,刘娟,9.32,421,1000000
2025-05-28T15:32:38.208080,袁玉兰,2.30,38,1000000
2025-05-28T15:32:39.300083,卞畅,0.63,2,1000000
2025-05-28T15:32:40.390355,龙莉,1.40,12,1000000
2025-05-28T15:32:41.475192,宋想,1.30,52,1000000
2025-05-28T15:32:42.571036,魏磊,0.81,33,1000000
2025-05-28T15:32:43.665534,刘娟,2.78,421,1000000
2025-05-28T15:32:44.758543,梁秀云,1.52,61,1000000
2025-05-28T15:32:45.850561,盘倩,0.58,2,1000000
2025-05-28T15:32:46.938716,张淑英,9.14,498,1000000
2025-05-28T15:32:48.033502,武冬梅,1.94,19,1000000
2025-05-28T15:32:49.124797,段欢,2.07,15,1000000
2025-05-28T15:32:50.216777,吴雪梅,1.35,149,1000000
2025-05-28T15:32:51.312944,胡建军,3.33,97,1000000
2025-05-28T15:32:52.421173,张琴,9.08,536,1000000
2025-05-28T15:32:53.516275,刘莹,2.75,423,1000000
2025-05-28T15:32:54.622249,张彬,9.40,548,1000000
2025-05-28T15:32:55.713171,段欢,0.57,15,1000000
2025-05-28T15:32:56.803864,魏磊,0.72,33,1000000
2025-05-28T15:32:57.897269,孙英,0.84,102,1000000
2025-05-28T15:32:58.995052,徐颖,3.07,106,1000000
2025-05-28T15:33:00.087346,樊倩,0.99,14,1000000
2025-05-28T15:33:01.180621,陈芳,2.33,356,1000000
2025-05-28T15:33:02.276669,金倩,2.24,32,1000000
2025-05-28T15:33:03.370488,曹利,2.72,50,1000000
2025-05-28T15:33:04.462785,袁婷,0.45,42,1000000
2025-05-28T15:33:05.556659,易柳,0.70,8,1000000
2025-05-28T15:33:06.651847,蔡想,2.29,55,1000000
2025-05-28T15:33:07.745971,符涛,0.71,5,1000000
2025-05-28T15:33:08.839400,吴雪梅,0.82,149,1000000
2025-05-28T15:33:09.927979,周勇,1.05,130,1000000
2025-05-28T15:33:11.026717,刘红霞,7.37,405,1000000
2025-05-28T15:33:12.117778,盘倩,0.56,2,1000000
2025-05-28T15:33:13.218883,田桂芝,0.92,43,1000000
2025-05-28T15:33:14.315173,曹利,0.73,50,1000000
2025-05-28T15:33:15.402052,杨磊,1.29,268,1000000
2025-05-28T15:33:16.499504,胡建军,1.30,97,1000000
2025-05-28T15:33:17.590585,王健,1.92,584,1000000
2025-05-28T15:33:18.685525,覃丽华,1.92,13,1000000
2025-05-28T15:33:19.783935,廖建军,0.61,24,1000000
2025-05-28T15:33:20.879368,郑杰,4.13,79,1000000
2025-05-28T15:33:21.969119,孙英,0.80,102,1000000
2025-05-28T15:33:23.067384,陈芳,1.79,356,1000000
2025-05-28T15:33:24.162504,刘建,2.56,380,1000000
2025-05-28T15:33:25.257312,谢莹,2.12,49,1000000
2025-05-28T15:33:26.352077,樊倩,0.75,14,1000000
2025-05-28T15:33:27.435304,郑金凤,0.81,71,1000000
2025-05-28T15:33:28.531025,黄瑜,1.39,178,1000000
2025-05-28T15:33:29.623975,罗健,3.33,83,1000000
2025-05-28T15:33:30.722900,张桂荣,1.81,514,1000000
2025-05-28T15:33:31.816274,惠璐,0.63,2,1000000
2025-05-28T15:33:32.912685,杜凤兰,2.05,36,1000000
2025-05-28T15:33:34.010817,陈峰,7.11,345,1000000
2025-05-28T15:33:35.105351,姜桂荣,0.65,35,1000000
2025-05-28T15:33:36.200464,曹利,0.66,50,1000000
2025-05-28T15:33:37.292915,徐颖,1.08,106,1000000
2025-05-28T15:33:38.386461,罗敏,3.11,80,1000000
2025-05-28T15:33:39.477991,杜琴,1.62,42,1000000
2025-05-28T15:33:40.569999,易柳,0.67,8,1000000
2025-05-28T15:33:41.667052,何秀兰,2.70,79,1000000
2025-05-28T15:33:42.770492,李楠,9.45,559,1000000
2025-05-28T15:33:43.858997,田桂芝,0.55,43,1000000
2025-05-28T15:33:44.950479,金倩,0.85,32,1000000
2025-05-28T15:33:46.044830,刘红霞,1.59,405,1000000
2025-05-28T15:33:47.141643,高玉梅,2.85,98,1000000
2025-05-28T15:33:48.241804,张淑英,2.75,498,1000000
2025-05-28T15:33:49.334649,金倩,0.67,32,1000000
2025-05-28T15:33:50.427503,盘倩,0.51,2,1000000
2025-05-28T15:33:51.524706,郑杰,1.13,79,1000000
2025-05-28T15:33:52.619523,龙莉,0.71,12,1000000
2025-05-28T15:33:53.713726,苏云,2.13,31,1000000
2025-05-28T15:33:54.811517,金倩,0.49,32,1000000
2025-05-28T15:33:55.912005,李岩,9.33,527,1000000
2025-05-28T15:33:57.006679,刘娟,2.17,421,1000000
2025-05-28T15:33:58.098838,郑金凤,1.09,71,1000000
2025-05-28T15:33:59.194253,孙欣,1.42,118,1000000
2025-05-28T15:34:00.321188,卢林,1.66,35,1000000
2025-05-28T15:34:01.414826,臧秀兰,0.71,4,1000000
2025-05-28T15:34:02.510048,秦建平,1.44,30,1000000
2025-05-28T15:34:03.608412,李岩,1.75,527,1000000
2025-05-28T15:34:04.700092,魏磊,0.76,33,1000000
2025-05-28T15:34:05.789714,晏杰,0.47,3,1000000
2025-05-28T15:34:06.882930,卢雷,0.78,30,1000000
2025-05-28T15:34:07.976091,刘建,2.03,380,1000000
2025-05-28T15:34:09.068294,麻峰,0.45,4,1000000
2025-05-28T15:34:10.172229,李健,11.64,584,1000000
2025-05-28T15:34:11.268933,符涛,0.42,5,1000000
2025-05-28T15:34:12.366368,陈芳,1.67,356,1000000
2025-05-28T15:34:13.467096,李静,6.29,558,1000000
2025-05-28T15:34:14.565158,杨淑珍,3.00,228,1000000
2025-05-28T15:34:15.668544,李倩,10.43,541,1000000
2025-05-28T15:34:16.764670,杨淑英,4.82,246,1000000
2025-05-28T15:34:17.860452,张涛,3.18,523,1000000
2025-05-28T15:34:18.956498,程慧,2.37,31,1000000
2025-05-28T15:34:20.052177,罗敏,1.02,80,1000000
2025-05-28T15:34:21.145208,李倩,2.18,541,1000000
2025-05-28T15:34:22.237507,卢雷,0.62,30,1000000
2025-05-28T15:34:23.325272,麻峰,0.66,4,1000000
2025-05-28T15:34:24.417708,聂宁,0.50,14,1000000
2025-05-28T15:34:25.507672,薛鑫,0.67,28,1000000
2025-05-28T15:34:26.602936,张淑英,1.63,498,1000000
2025-05-28T15:34:27.695779,李健,3.54,584,1000000
2025-05-28T15:34:28.793180,王杰,6.85,593,1000000
2025-05-28T15:34:29.884531,佟丽丽,0.68,2,1000000
2025-05-28T15:34:30.986236,王建国,10.07,560,1000000
2025-05-28T15:34:32.079008,张淑英,2.61,498,1000000
2025-05-28T15:34:33.174062,秦建平,0.87,30,1000000
2025-05-28T15:34:34.264130,杨磊,1.75,268,1000000
2025-05-28T15:34:35.366105,王雪梅,8.31,567,1000000
2025-05-28T15:34:36.457788,叶桂芳,0.71,36,1000000
2025-05-28T15:34:37.556896,田桂芝,0.82,43,1000000
2025-05-28T15:34:38.651152,杨淑珍,1.94,228,1000000
2025-05-28T15:34:39.743054,袁玉兰,0.52,38,1000000
2025-05-28T15:34:40.834607,秦建平,0.57,30,1000000
2025-05-28T15:34:41.922569,袁婷,0.91,42,1000000
2025-05-28T15:34:43.011383,晏杰,0.68,3,1000000
2025-05-28T15:34:44.104577,吴柳,3.85,161,1000000
2025-05-28T15:34:45.208479,张云,9.29,528,1000000
2025-05-28T15:34:46.301003,段欢,0.51,15,1000000
2025-05-28T15:34:47.395419,袁婷,0.82,42,1000000
2025-05-28T15:34:48.491670,陈峰,2.40,345,1000000
2025-05-28T15:34:49.582834,冯坤,1.52,52,1000000
2025-05-28T15:34:50.673286,江桂荣,1.45,19,1000000
2025-05-28T15:34:51.770014,杨淑英,0.95,246,1000000
2025-05-28T15:34:52.868076,刘文,7.52,417,1000000
2025-05-28T15:34:53.955467,刘建,1.90,380,1000000
2025-05-28T15:34:55.049074,陈峰,2.44,345,1000000
2025-05-28T15:34:56.138637,李倩,1.94,541,1000000
2025-05-28T15:34:57.234554,曹利,0.79,50,1000000
2025-05-28T15:34:58.330477,张桂荣,3.00,514,1000000
2025-05-28T15:34:59.420504,田桂芝,1.05,43,1000000
2025-05-28T15:35:00.515535,罗健,1.13,83,1000000
2025-05-28T15:35:01.613102,魏磊,0.90,33,1000000
2025-05-28T15:35:02.704710,高玉梅,0.77,98,1000000
2025-05-28T15:35:03.800223,吴帅,3.77,154,1000000
2025-05-28T15:35:04.893429,方凤英,2.16,29,1000000
2025-05-28T15:35:05.984924,曹利,1.06,50,1000000
2025-05-28T15:35:07.076720,姜桂荣,0.87,35,1000000
2025-05-28T15:35:08.173979,周浩,1.44,135,1000000
2025-05-28T15:35:09.272175,郑金凤,0.86,71,1000000
2025-05-28T15:35:10.368173,王建国,2.08,560,1000000
2025-05-28T15:35:11.463760,潘凤英,0.84,51,1000000
2025-05-28T15:35:12.552148,盘倩,0.63,2,1000000
2025-05-28T15:35:13.641919,黄瑜,1.23,178,1000000
2025-05-28T15:35:14.736698,王建国,2.11,560,1000000
2025-05-28T15:35:15.835273,蔡想,1.51,55,1000000
2025-05-28T15:35:16.935317,曾桂荣,1.89,45,1000000
2025-05-28T15:35:18.034690,梁伟,2.55,79,1000000
2025-05-28T15:35:19.129355,惠璐,0.53,2,1000000
2025-05-28T15:35:20.218286,周勇,0.95,130,1000000
2025-05-28T15:35:21.293133,晏杰,0.53,3,1000000
2025-05-28T15:35:22.368162,王杰,2.61,593,1000000
2025-05-28T15:35:23.462803,程慧,0.77,31,1000000
2025-05-28T15:35:24.556930,周勇,1.21,130,1000000
2025-05-28T15:35:25.648903,聂宁,0.63,14,1000000
2025-05-28T15:35:26.734695,盘倩,0.63,2,1000000
2025-05-28T15:35:27.830005,骆淑珍,1.76,8,1000000
2025-05-28T15:35:28.920276,麻峰,0.39,4,1000000
2025-05-28T15:35:30.015986,萧丽华,1.91,48,1000000
2025-05-28T15:35:31.107448,盘倩,0.64,2,1000000
2025-05-28T15:35:32.199673,骆淑珍,0.62,8,1000000
2025-05-28T15:35:33.290937,杨磊,1.55,268,1000000
2025-05-28T15:35:34.383437,孙玉,2.28,119,1000000
2025-05-28T15:35:35.472806,谢莹,0.72,49,1000000
2025-05-28T15:35:36.562381,孙玉,1.04,119,1000000
2025-05-28T15:35:37.655231,黄桂香,1.84,189,1000000
2025-05-28T15:35:38.749817,薛鑫,0.81,28,1000000
2025-05-28T15:35:39.841085,潘凤英,1.01,51,1000000
2025-05-28T15:35:40.939059,曾桂荣,0.94,45,1000000
2025-05-28T15:35:42.032251,胡颖,2.98,90,1000000
2025-05-28T15:35:43.123479,张淑英,1.84,498,1000000
2025-05-28T15:35:44.213005,袁玉兰,0.70,38,1000000
2025-05-28T15:35:45.300174,曹利,0.98,50,1000000
2025-05-28T15:35:46.393225,周浩,1.03,135,1000000
2025-05-28T15:35:47.492027,刘晶,5.86,388,1000000
2025-05-28T15:35:48.587605,李健,2.92,584,1000000
2025-05-28T15:35:49.681665,陈峰,1.56,345,1000000
2025-05-28T15:35:50.774767,冯坤,0.78,52,1000000
2025-05-28T15:35:51.867128,孙英,1.22,102,1000000
2025-05-28T15:35:52.960848,吴雪梅,1.62,149,1000000
2025-05-28T15:35:54.055534,杨淑英,2.13,246,1000000
2025-05-28T15:35:55.144906,王建国,2.38,560,1000000
2025-05-28T15:35:56.234834,曾桂荣,1.00,45,1000000
2025-05-28T15:35:57.330758,魏磊,0.76,33,1000000
2025-05-28T15:35:58.430032,金倩,0.44,32,1000000
2025-05-28T15:35:59.524419,丁彬,0.70,43,1000000
2025-05-28T15:36:00.621661,张彬,2.85,548,1000000
2025-05-28T15:36:01.716022,卞畅,0.55,2,1000000
2025-05-28T15:36:02.808613,臧秀兰,0.40,4,1000000
2025-05-28T15:36:03.914959,王欢,7.79,536,1000000
2025-05-28T15:36:05.006989,杜琴,0.70,42,1000000
2025-05-28T15:36:06.108237,杜琴,0.61,42,1000000
2025-05-28T15:36:07.204356,潘凤英,0.98,51,1000000
2025-05-28T15:36:08.296471,樊倩,0.68,14,1000000
2025-05-28T15:36:09.391982,江桂荣,0.55,19,1000000
2025-05-28T15:36:10.482795,黄瑜,0.95,178,1000000
2025-05-28T15:36:11.576619,武冬梅,0.65,19,1000000
2025-05-28T15:36:12.671845,吴雪梅,0.93,149,1000000
2025-05-28T15:36:13.764655,黄瑜,1.81,178,1000000
2025-05-28T15:36:14.859263,卢林,0.88,35,1000000
2025-05-28T15:36:15.952791,盘倩,0.34,2,1000000
2025-05-28T15:36:17.050560,秦建平,0.81,30,1000000
2025-05-28T15:36:18.140812,袁玉兰,0.90,38,1000000
2025-05-28T15:36:19.232208,李倩,2.78,541,1000000
2025-05-28T15:36:20.327570,杨淑珍,2.05,228,1000000
2025-05-28T15:36:21.452633,程慧,1.74,31,1000000
2025-05-28T15:36:22.527360,王建国,2.50,560,1000000
2025-05-28T15:36:23.614012,卢雷,0.60,30,1000000
2025-05-28T15:36:24.707292,王杰,2.01,593,1000000
2025-05-28T15:36:25.806444,张琴,3.74,536,1000000
2025-05-28T15:36:26.894066,陈峰,1.78,345,1000000
2025-05-28T15:36:27.983734,秦建平,0.72,30,1000000
2025-05-28T15:36:29.078681,陈峰,1.56,345,1000000
2025-05-28T15:36:30.169126,陈芳,1.69,356,1000000
2025-05-28T15:36:31.263021,潘凤英,0.72,51,1000000
2025-05-28T15:36:32.352936,江桂荣,0.82,19,1000000
2025-05-28T15:36:33.455751,张宇,7.02,513,1000000
2025-05-28T15:36:34.546381,惠璐,0.51,2,1000000
2025-05-28T15:36:35.635552,江桂荣,0.48,19,1000000
2025-05-28T15:36:36.730757,杨淑英,1.75,246,1000000
2025-05-28T15:36:37.816777,吴柳,0.98,161,1000000
2025-05-28T15:36:38.913646,李宁,5.24,562,1000000
2025-05-28T15:36:40.010969,张彬,1.65,548,1000000
2025-05-28T15:36:41.104380,蔡想,0.69,55,1000000
2025-05-28T15:36:42.194480,聂宁,0.50,14,1000000
2025-05-28T15:36:43.269893,郑杰,0.81,79,1000000
2025-05-28T15:36:44.360281,宋想,1.69,52,1000000
2025-05-28T15:36:45.441454,王杰,2.79,593,1000000
2025-05-28T15:36:46.530917,叶桂芳,0.66,36,1000000
2025-05-28T15:36:47.600678,梁伟,0.77,79,1000000
2025-05-28T15:36:48.699784,罗敏,1.18,80,1000000
2025-05-28T15:36:49.793264,李倩,2.88,541,1000000
2025-05-28T15:36:50.890928,梁秀云,2.00,61,1000000
2025-05-28T15:36:51.963912,曹利,0.58,50,1000000
2025-05-28T15:36:53.064916,周浩,1.40,135,1000000
2025-05-28T15:36:54.153385,胡建军,1.32,97,1000000
2025-05-28T15:36:55.250040,惠璐,0.42,2,1000000
2025-05-28T15:36:56.346372,杨磊,1.25,268,1000000
2025-05-28T15:36:57.442638,李楠,3.19,559,1000000
2025-05-28T15:36:58.541369,张彬,2.23,548,1000000
2025-05-28T15:36:59.637966,晏杰,0.71,3,1000000
2025-05-28T15:37:00.736936,黄瑜,1.47,178,1000000
2025-05-28T15:37:01.835850,武冬梅,0.48,19,1000000
2025-05-28T15:37:02.926805,冯坤,0.89,52,1000000
2025-05-28T15:37:04.022099,宋想,0.84,52,1000000
2025-05-28T15:37:05.119338,郑金凤,0.76,71,1000000
2025-05-28T15:37:06.218404,张云,1.89,528,1000000
2025-05-28T15:37:07.313399,晏杰,0.57,3,1000000
2025-05-28T15:37:08.403814,王建国,1.73,560,1000000
2025-05-28T15:37:09.490768,刘文,1.54,417,1000000
2025-05-28T15:37:10.570932,陈峰,1.70,345,1000000
2025-05-28T15:37:11.645254,符涛,0.54,5,1000000
2025-05-28T15:37:12.733583,刘莹,2.24,423,1000000
2025-05-28T15:37:13.823731,卢雷,0.64,30,1000000
2025-05-28T15:37:14.913250,杨淑英,1.58,246,1000000
2025-05-28T15:37:16.011027,王雪梅,2.34,567,1000000
2025-05-28T15:37:17.107070,杨淑珍,1.73,228,1000000
2025-05-28T15:37:18.197850,张宇,2.90,513,1000000
2025-05-28T15:37:19.284209,梁伟,2.68,79,1000000
2025-05-28T15:37:20.385998,罗敏,1.09,80,1000000
2025-05-28T15:37:21.474321,王雪梅,2.66,567,1000000
2025-05-28T15:37:22.568326,周浩,1.11,135,1000000
2025-05-28T15:37:23.661850,晏杰,0.69,3,1000000
2025-05-28T15:37:24.758626,李楠,2.19,559,1000000
2025-05-28T15:37:25.853809,何秀兰,1.14,79,1000000
2025-05-28T15:37:26.949805,吴雪梅,1.11,149,1000000
2025-05-28T15:37:28.043808,丁彬,0.64,43,1000000
2025-05-28T15:37:29.142345,李静,1.90,558,1000000
2025-05-28T15:37:30.235791,梁伟,1.27,79,1000000
2025-05-28T15:37:31.322533,杜凤兰,0.81,36,1000000
2025-05-28T15:37:32.415164,麻峰,0.78,4,1000000
2025-05-28T15:37:33.511112,张涛,2.22,523,1000000
2025-05-28T15:37:34.608494,姚秀云,2.20,39,1000000
2025-05-28T15:37:35.713139,臧秀兰,0.44,4,1000000
2025-05-28T15:37:36.802905,王欢,3.09,536,1000000
2025-05-28T15:37:37.894501,符涛,0.80,5,1000000
2025-05-28T15:37:38.988049,李欣,7.64,552,1000000
2025-05-28T15:37:40.070523,曹利,0.83,50,1000000
2025-05-28T15:37:41.145018,高玉梅,0.95,98,1000000
2025-05-28T15:37:42.237491,曹利,1.04,50,1000000
2025-05-28T15:37:43.335774,袁玉兰,0.52,38,1000000
2025-05-28T15:37:44.432063,方凤英,0.69,29,1000000
2025-05-28T15:37:45.516678,丁彬,0.81,43,1000000
2025-05-28T15:37:46.614756,徐凯,2.90,127,1000000
2025-05-28T15:37:47.709488,吴柳,1.62,161,1000000
2025-05-28T15:37:48.800186,樊倩,0.55,14,1000000
2025-05-28T15:37:49.892390,杨淑珍,1.79,228,1000000
2025-05-28T15:37:50.984271,刘红霞,2.64,405,1000000
2025-05-28T15:37:52.079269,杜琴,0.65,42,1000000
2025-05-28T15:37:53.169730,周浩,1.14,135,1000000
2025-05-28T15:37:54.239016,梁秀云,0.82,61,1000000
2025-05-28T15:37:55.326420,段欢,0.65,15,1000000
2025-05-28T15:37:56.422718,段欢,0.63,15,1000000
2025-05-28T15:37:57.519123,惠璐,0.58,2,1000000
2025-05-28T15:37:58.603280,张秀梅,4.32,507,1000000
2025-05-28T15:37:59.698252,李健,2.23,584,1000000
2025-05-28T15:38:00.791987,蔡想,0.89,55,1000000
2025-05-28T15:38:01.886715,程慧,0.80,31,1000000
2025-05-28T15:38:02.977724,李静,2.06,558,1000000
2025-05-28T15:38:04.074930,龙莉,0.58,12,1000000
2025-05-28T15:38:05.167298,陈峰,1.61,345,1000000
2025-05-28T15:38:06.259798,卢林,0.61,35,1000000
2025-05-28T15:38:07.352978,梁秀云,0.70,61,1000000
2025-05-28T15:38:08.448431,王建国,2.10,560,1000000
2025-05-28T15:38:09.548195,江桂荣,1.02,19,1000000
2025-05-28T15:38:10.641681,周浩,1.55,135,1000000
2025-05-28T15:38:11.745643,陈峰,1.17,345,1000000
2025-05-28T15:38:12.843522,张云,3.09,528,1000000
2025-05-28T15:38:13.938092,刘文,1.75,417,1000000
2025-05-28T15:38:15.035159,杨磊,1.40,268,1000000
2025-05-28T15:38:16.130806,刘晶,2.52,388,1000000
2025-05-28T15:38:17.222315,徐颖,1.33,106,1000000
2025-05-28T15:38:18.317736,王建国,2.44,560,1000000
2025-05-28T15:38:19.413866,李倩,1.99,541,1000000
2025-05-28T15:38:20.503872,田桂芝,0.65,43,1000000
2025-05-28T15:38:21.591171,孙玉,0.91,119,1000000
2025-05-28T15:38:22.687261,刘红霞,2.06,405,1000000
2025-05-28T15:38:23.788287,刘莹,1.57,423,1000000
2025-05-28T15:38:24.882692,杨磊,2.01,268,1000000
2025-05-28T15:38:25.975551,周勇,1.07,130,1000000
2025-05-28T15:38:27.066095,金倩,0.74,32,1000000
2025-05-28T15:38:28.160187,郑杰,1.07,79,1000000
2025-05-28T15:38:29.248811,宋想,1.02,52,1000000
2025-05-28T15:38:30.319293,易柳,0.50,8,1000000
2025-05-28T15:38:31.416574,曹利,0.53,50,1000000
2025-05-28T15:38:32.484901,谢莹,0.72,49,1000000
2025-05-28T15:38:33.579161,黄瑜,1.38,178,1000000
2025-05-28T15:38:34.668376,易柳,0.75,8,1000000
2025-05-28T15:38:35.763692,李楠,1.73,559,1000000
2025-05-28T15:38:36.855816,惠璐,0.74,2,1000000
2025-05-28T15:38:37.945866,聂宁,0.70,14,1000000
2025-05-28T15:38:39.038883,程慧,0.74,31,1000000
2025-05-28T15:38:40.127644,郭勇,2.71,90,1000000
2025-05-28T15:38:41.216753,姚秀云,0.57,39,1000000
2025-05-28T15:38:42.310320,张桂荣,2.71,514,1000000
2025-05-28T15:38:43.399590,张桂荣,1.63,514,1000000
2025-05-28T15:38:44.489150,薛鑫,0.79,28,1000000
2025-05-28T15:38:45.588903,张琴,1.93,536,1000000
2025-05-28T15:38:46.689746,刘红霞,2.76,405,1000000
2025-05-28T15:38:47.778150,胡建军,0.97,97,1000000
2025-05-28T15:38:48.872993,田桂芝,0.96,43,1000000
2025-05-28T15:38:49.965191,何秀兰,0.81,79,1000000
2025-05-28T15:38:51.057075,杜凤兰,0.65,36,1000000
2025-05-28T15:38:52.154846,王建国,3.35,560,1000000
2025-05-28T15:38:53.247308,田桂芝,0.71,43,1000000
2025-05-28T15:38:54.344054,李倩,2.25,541,1000000
2025-05-28T15:38:55.436685,郑金凤,1.00,71,1000000
2025-05-28T15:38:56.533540,曾桂荣,1.00,45,1000000
2025-05-28T15:38:57.625307,罗敏,0.89,80,1000000
2025-05-28T15:38:58.719715,丁彬,0.82,43,1000000
2025-05-28T15:38:59.816146,魏磊,0.60,33,1000000
2025-05-28T15:39:00.912491,黄桂香,2.10,189,1000000
2025-05-28T15:39:02.007688,佟丽丽,0.71,2,1000000
2025-05-28T15:39:03.100275,黄桂香,1.49,189,1000000
2025-05-28T15:39:04.194028,苏云,0.90,31,1000000
2025-05-28T15:39:05.288015,宋想,0.85,52,1000000
2025-05-28T15:39:06.384090,周勇,1.48,130,1000000
2025-05-28T15:39:07.476277,黄桂香,1.75,189,1000000
2025-05-28T15:39:08.574724,卢林,0.98,35,1000000
2025-05-28T15:39:09.669280,叶桂芳,0.86,36,1000000
2025-05-28T15:39:10.741893,王雪梅,2.73,567,1000000
2025-05-28T15:39:11.832896,李宁,3.30,562,1000000
2025-05-28T15:39:12.921060,王杰,3.27,593,1000000
2025-05-28T15:39:14.020040,陈芳,2.03,356,1000000
2025-05-28T15:39:15.119176,孙玉,1.01,119,1000000
2025-05-28T15:39:16.219486,薛成,2.01,24,1000000
2025-05-28T15:39:17.317142,黄瑜,1.46,178,1000000
2025-05-28T15:39:18.415537,杨磊,1.36,268,1000000
2025-05-28T15:39:19.504311,程慧,0.58,31,1000000
2025-05-28T15:39:20.602265,杨磊,2.12,268,1000000
2025-05-28T15:39:21.693752,梁伟,0.80,79,1000000
2025-05-28T15:39:22.783145,胡建军,0.97,97,1000000
2025-05-28T15:39:23.874371,黄瑜,1.08,178,1000000
2025-05-28T15:39:24.965189,叶桂芳,0.64,36,1000000
2025-05-28T15:39:26.061784,刘文,2.01,417,1000000
2025-05-28T15:39:27.156998,廖建军,0.74,24,1000000
2025-05-28T15:39:28.247147,魏磊,0.74,33,1000000
2025-05-28T15:39:29.344610,张宇,3.04,513,1000000
2025-05-28T15:39:30.457043,覃丽华,0.55,13,1000000
2025-05-28T15:39:31.571643,龙莉,0.59,12,1000000
2025-05-28T15:39:32.662339,秦建平,0.88,30,1000000
2025-05-28T15:39:33.755668,江桂荣,0.79,19,1000000
2025-05-28T15:39:34.844919,晏杰,0.56,3,1000000
2025-05-28T15:39:35.937218,叶桂芳,0.86,36,1000000
2025-05-28T15:39:37.031622,罗健,1.07,83,1000000
2025-05-28T15:39:38.124153,臧秀兰,0.51,4,1000000
2025-05-28T15:39:39.216427,杨淑珍,1.34,228,1000000
2025-05-28T15:39:40.309669,武冬梅,0.70,19,1000000
2025-05-28T15:39:41.402586,姚秀云,0.73,39,1000000
2025-05-28T15:39:42.483242,罗健,0.80,83,1000000
2025-05-28T15:39:43.576323,郭勇,1.24,90,1000000
2025-05-28T15:39:44.671109,王雪梅,3.35,567,1000000
2025-05-28T15:39:45.768683,杨淑珍,2.04,228,1000000
2025-05-28T15:39:46.862522,卢雷,0.84,30,1000000
2025-05-28T15:39:47.962415,徐凯,1.09,127,1000000
2025-05-28T15:39:49.054772,杜琴,0.74,42,1000000
2025-05-28T15:39:50.150058,李岩,2.24,527,1000000
2025-05-28T15:39:51.244678,袁婷,0.73,42,1000000
2025-05-28T15:39:52.342205,谢莹,0.90,49,1000000
2025-05-28T15:39:53.436196,郑金凤,1.07,71,1000000
2025-05-28T15:39:54.528713,张宇,2.55,513,1000000
2025-05-28T15:39:55.618318,杨淑英,1.35,246,1000000
2025-05-28T15:39:56.707949,段欢,0.49,15,1000000
2025-05-28T15:39:57.799099,方凤英,0.82,29,1000000
2025-05-28T15:39:58.896357,周勇,1.01,130,1000000
2025-05-28T15:39:59.991071,梁秀云,1.04,61,1000000
2025-05-28T15:40:01.084056,覃丽华,0.56,13,1000000
2025-05-28T15:40:02.177671,孙欣,1.33,118,1000000
2025-05-28T15:40:03.271828,苏云,0.67,31,1000000
2025-05-28T15:40:04.362280,李倩,3.20,541,1000000
2025-05-28T15:40:05.458121,蔡想,0.77,55,1000000
2025-05-28T15:40:06.551673,刘文,1.65,417,1000000
2025-05-28T15:40:07.651794,胡颖,0.97,90,1000000
2025-05-28T15:40:08.748923,黄桂香,1.28,189,1000000
2025-05-28T15:40:09.841673,赵波,2.83,171,1000000
2025-05-28T15:40:10.934381,萧丽华,1.01,48,1000000
2025-05-28T15:40:12.025463,潘凤英,0.78,51,1000000
2025-05-28T15:40:13.120072,金倩,0.76,32,1000000
2025-05-28T15:40:14.208514,陈峰,2.30,345,1000000
2025-05-28T15:40:15.306708,黄桂香,1.64,189,1000000
2025-05-28T15:40:16.399698,薛鑫,0.80,28,1000000
2025-05-28T15:40:17.489692,易柳,0.67,8,1000000
2025-05-28T15:40:18.578897,吴柳,1.54,161,1000000
2025-05-28T15:40:19.667600,刘建,2.53,380,1000000
2025-05-28T15:40:20.759250,谢莹,1.00,49,1000000
2025-05-28T15:40:21.853384,晏杰,0.44,3,1000000
2025-05-28T15:40:22.954552,王建国,3.33,560,1000000
2025-05-28T15:40:24.049547,李宁,2.89,562,1000000
2025-05-28T15:40:25.147704,袁婷,1.08,42,1000000
2025-05-28T15:40:26.244399,聂宁,0.81,14,1000000
2025-05-28T15:40:27.347511,王欢,2.99,536,1000000
2025-05-28T15:40:28.439082,江桂荣,0.84,19,1000000
2025-05-28T15:40:29.533942,萧丽华,0.67,48,1000000
2025-05-28T15:40:30.633867,宋想,1.02,52,1000000
2025-05-28T15:40:31.730622,徐凯,1.41,127,1000000
2025-05-28T15:40:32.826078,江桂荣,0.77,19,1000000
2025-05-28T15:40:33.923028,杨淑英,1.72,246,1000000
2025-05-28T15:40:35.018322,罗敏,0.80,80,1000000
2025-05-28T15:40:36.109333,杨淑珍,2.02,228,1000000
2025-05-28T15:40:37.203282,潘凤英,0.79,51,1000000
2025-05-28T15:40:38.295205,宋想,0.99,52,1000000
2025-05-28T15:40:39.388239,郑金凤,1.07,71,1000000
2025-05-28T15:40:40.486111,刘娟,1.73,421,1000000
2025-05-28T15:40:41.581492,潘凤英,0.66,51,1000000
2025-05-28T15:40:42.674987,王雪梅,3.42,567,1000000
2025-05-28T15:40:43.767025,曹利,1.13,50,1000000
2025-05-28T15:40:44.860251,盘倩,0.61,2,1000000
2025-05-28T15:40:45.957355,李倩,2.47,541,1000000
2025-05-28T15:40:47.055786,李岩,2.73,527,1000000
2025-05-28T15:40:48.151292,姜桂荣,0.93,35,1000000
2025-05-28T15:40:49.244697,张桂荣,3.02,514,1000000
2025-05-28T15:40:50.338330,盘倩,0.73,2,1000000
2025-05-28T15:40:51.432301,孙英,1.25,102,1000000
2025-05-28T15:40:52.524667,薛成,0.64,24,1000000
2025-05-28T15:40:53.621405,张涛,1.84,523,1000000
2025-05-28T15:40:54.710816,盘倩,0.64,2,1000000
2025-05-28T15:40:55.807047,张宇,3.10,513,1000000
2025-05-28T15:40:56.901186,袁婷,0.78,42,1000000
2025-05-28T15:40:57.996714,叶桂芳,0.83,36,1000000
2025-05-28T15:40:59.090149,卞畅,0.60,2,1000000
2025-05-28T15:41:00.189291,丁彬,0.89,43,1000000
2025-05-28T15:41:01.284373,吴雪梅,1.34,149,1000000
2025-05-28T15:41:02.380413,聂宁,0.70,14,1000000
2025-05-28T15:41:03.469410,曹利,0.96,50,1000000
2025-05-28T15:41:04.568659,刘娟,2.67,421,1000000
2025-05-28T15:41:05.661350,刘莹,2.18,423,1000000
2025-05-28T15:41:06.752034,王雪梅,1.95,567,1000000
2025-05-28T15:41:07.846319,宋想,1.12,52,1000000
2025-05-28T15:41:08.943111,杨淑英,1.90,246,1000000
2025-05-28T15:41:10.031416,佟丽丽,0.68,2,1000000
2025-05-28T15:41:11.126844,张宇,3.04,513,1000000
2025-05-28T15:41:12.220158,刘建,1.71,380,1000000
2025-05-28T15:41:13.318702,谢莹,1.07,49,1000000
2025-05-28T15:41:14.409400,何秀兰,1.07,79,1000000
2025-05-28T15:41:15.498087,卢雷,0.79,30,1000000
2025-05-28T15:41:16.590690,杜琴,0.63,42,1000000
2025-05-28T15:41:17.682848,李倩,2.01,541,1000000
2025-05-28T15:41:18.781900,郭勇,1.21,90,1000000
2025-05-28T15:41:19.876855,刘莹,2.52,423,1000000
2025-05-28T15:41:20.969410,张桂荣,3.16,514,1000000
2025-05-28T15:41:22.061854,杨淑珍,1.84,228,1000000
2025-05-28T15:41:23.160401,龙莉,0.53,12,1000000
2025-05-28T15:41:24.253569,刘建,2.46,380,1000000
2025-05-28T15:41:25.349953,陈芳,1.92,356,1000000
2025-05-28T15:41:26.423193,刘晶,1.74,388,1000000
2025-05-28T15:41:27.512724,易柳,0.53,8,1000000
2025-05-28T15:41:28.611883,郭勇,1.36,90,1000000
2025-05-28T15:41:29.705581,张涛,2.70,523,1000000
2025-05-28T15:41:30.799120,孙玉,1.33,119,1000000
2025-05-28T15:41:31.896322,李欣,2.15,552,1000000
2025-05-28T15:41:32.990055,陈峰,1.70,345,1000000
2025-05-28T15:41:34.082834,金倩,0.60,32,1000000
2025-05-28T15:41:35.184064,李楠,1.91,559,1000000
2025-05-28T15:41:36.280502,骆淑珍,0.75,8,1000000
2025-05-28T15:41:37.375334,魏磊,0.85,33,1000000
2025-05-28T15:41:38.472841,张涛,2.39,523,1000000
2025-05-28T15:41:39.560745,晏杰,0.79,3,1000000
2025-05-28T15:41:40.654881,樊倩,0.70,14,1000000
2025-05-28T15:41:41.747972,吴雪梅,1.18,149,1000000
2025-05-28T15:41:42.842851,郭勇,1.30,90,1000000
2025-05-28T15:41:43.942141,袁婷,1.04,42,1000000
2025-05-28T15:41:45.034198,刘晶,2.52,388,1000000
2025-05-28T15:41:46.124326,李倩,2.01,541,1000000
2025-05-28T15:41:47.217935,杨淑珍,1.79,228,1000000
2025-05-28T15:41:48.311585,易柳,0.77,8,1000000
2025-05-28T15:41:49.407233,张涛,3.16,523,1000000
2025-05-28T15:41:50.505716,刘晶,2.69,388,1000000
2025-05-28T15:41:51.600890,吴帅,1.23,154,1000000
2025-05-28T15:41:52.700897,胡颖,1.23,90,1000000
2025-05-28T15:41:53.794754,姚秀云,0.84,39,1000000
2025-05-28T15:41:54.888576,金倩,0.82,32,1000000
2025-05-28T15:41:55.980939,徐凯,1.45,127,1000000
2025-05-28T15:41:57.071353,王建国,3.20,560,1000000
2025-05-28T15:41:58.162431,徐凯,1.47,127,1000000
2025-05-28T15:41:59.253626,萧丽华,0.82,48,1000000
2025-05-28T15:42:00.350724,卢雷,0.57,30,1000000
2025-05-28T15:42:01.447358,杨淑珍,1.72,228,1000000
2025-05-28T15:42:02.545713,佟丽丽,0.71,2,1000000
2025-05-28T15:42:03.637572,李欣,2.59,552,1000000
2025-05-28T15:42:04.732190,刘建,1.78,380,1000000
2025-05-28T15:42:05.828897,姜桂荣,0.73,35,1000000
2025-05-28T15:42:06.927238,赵波,1.55,171,1000000
2025-05-28T15:42:08.019300,张宇,1.99,513,1000000
2025-05-28T15:42:09.113209,胡建军,1.45,97,1000000
2025-05-28T15:42:10.203315,李岩,2.87,527,1000000
2025-05-28T15:42:11.299628,何秀兰,1.15,79,1000000
2025-05-28T15:42:12.394613,李静,3.06,558,1000000
2025-05-28T15:42:13.488880,郭勇,1.14,90,1000000
2025-05-28T15:42:14.591327,田桂芝,0.80,43,1000000
2025-05-28T15:42:15.686745,薛鑫,0.59,28,1000000
2025-05-28T15:42:16.783154,杨淑英,1.19,246,1000000
2025-05-28T15:42:17.877906,陈芳,1.44,356,1000000
2025-05-28T15:42:18.972292,杜凤兰,1.11,36,1000000
2025-05-28T15:42:20.062277,丁彬,0.92,43,1000000
2025-05-28T15:42:21.159198,杨淑珍,1.93,228,1000000
2025-05-28T15:42:22.253358,惠璐,0.63,2,1000000
2025-05-28T15:42:23.349884,杨磊,1.36,268,1000000
2025-05-28T15:42:24.450382,樊倩,0.56,14,1000000
2025-05-28T15:42:25.540043,王欢,3.09,536,1000000
2025-05-28T15:42:26.641334,程慧,1.05,31,1000000
2025-05-28T15:42:27.729498,萧丽华,0.77,48,1000000
2025-05-28T15:42:28.822997,周浩,1.10,135,1000000
2025-05-28T15:42:29.920030,麻峰,0.62,4,1000000
2025-05-28T15:42:31.015689,黄桂香,1.27,189,1000000
2025-05-28T15:42:32.109455,吴柳,1.49,161,1000000
2025-05-28T15:42:33.204229,萧丽华,0.99,48,1000000
2025-05-28T15:42:34.299326,刘建,2.54,380,1000000
2025-05-28T15:42:35.395445,苏云,0.85,31,1000000
2025-05-28T15:42:36.488510,胡建军,1.09,97,1000000
2025-05-28T15:42:37.558738,魏磊,0.66,33,1000000
2025-05-28T15:42:38.632634,张秀梅,1.81,507,1000000
2025-05-28T15:42:39.714605,程慧,0.82,31,1000000
2025-05-28T15:42:40.809961,麻峰,0.49,4,1000000
2025-05-28T15:42:41.907444,梁伟,0.75,79,1000000
2025-05-28T15:42:43.001461,张云,3.21,528,1000000
2025-05-28T15:42:44.094138,李楠,1.62,559,1000000
2025-05-28T15:42:45.187499,黄桂香,1.87,189,1000000
2025-05-28T15:42:46.280472,张秀梅,2.00,507,1000000
2025-05-28T15:42:47.374060,臧秀兰,0.53,4,1000000
2025-05-28T15:42:48.502273,卢林,0.61,35,1000000
2025-05-28T15:42:49.596757,惠璐,0.45,2,1000000
2025-05-28T15:42:50.696155,杨淑英,0.91,246,1000000
2025-05-28T15:42:51.788420,孙欣,1.37,118,1000000
2025-05-28T15:42:52.888486,袁婷,0.90,42,1000000
2025-05-28T15:42:53.975482,姜桂荣,0.75,35,1000000
2025-05-28T15:42:55.075091,臧秀兰,0.61,4,1000000
2025-05-28T15:42:56.163792,惠璐,0.47,2,1000000
2025-05-28T15:42:57.256421,袁玉兰,0.63,38,1000000
2025-05-28T15:42:58.342913,冯坤,0.69,52,1000000
2025-05-28T15:42:59.434275,刘晶,1.78,388,1000000
2025-05-28T15:43:00.532102,李静,2.35,558,1000000
2025-05-28T15:43:01.629196,周勇,1.57,130,1000000
2025-05-28T15:43:02.711692,江桂荣,0.47,19,1000000
2025-05-28T15:43:03.803929,李欣,3.30,552,1000000
2025-05-28T15:43:04.896455,薛鑫,0.87,28,1000000
2025-05-28T15:43:05.991865,薛鑫,0.76,28,1000000
2025-05-28T15:43:07.087136,孙欣,1.24,118,1000000
2025-05-28T15:43:08.184836,曹利,0.72,50,1000000
2025-05-28T15:43:09.279395,张云,1.91,528,1000000
2025-05-28T15:43:10.368667,郭勇,0.99,90,1000000
2025-05-28T15:43:11.463026,王欢,2.96,536,1000000
2025-05-28T15:43:12.555350,张宇,2.28,513,1000000
2025-05-28T15:43:13.650345,罗健,1.28,83,1000000
2025-05-28T15:43:14.740074,曾桂荣,0.94,45,1000000
2025-05-28T15:43:15.810910,叶桂芳,0.53,36,1000000
2025-05-28T15:43:16.919012,王欢,3.09,536,1000000
2025-05-28T15:43:18.035287,李楠,3.17,559,1000000
2025-05-28T15:43:19.127327,王杰,2.97,593,1000000
2025-05-28T15:43:20.218675,樊倩,0.89,14,1000000
2025-05-28T15:43:21.312754,郑杰,0.80,79,1000000
2025-05-28T15:43:22.401788,佟丽丽,0.66,2,1000000
2025-05-28T15:43:23.476237,李岩,2.25,527,1000000
2025-05-28T15:43:24.563774,谢莹,0.96,49,1000000
2025-05-28T15:43:25.658935,卢雷,0.78,30,1000000
2025-05-28T15:43:26.756692,王建国,3.35,560,1000000
2025-05-28T15:43:27.851425,姚秀云,0.78,39,1000000
2025-05-28T15:43:28.947895,姚秀云,0.70,39,1000000
2025-05-28T15:43:30.039787,符涛,0.76,5,1000000
2025-05-28T15:43:31.131422,龙莉,0.57,12,1000000
2025-05-28T15:43:32.223292,符涛,0.55,5,1000000
2025-05-28T15:43:33.317343,王杰,2.85,593,1000000
2025-05-28T15:43:34.436085,王雪梅,2.68,567,1000000
2025-05-28T15:43:35.530117,刘红霞,2.17,405,1000000
2025-05-28T15:43:36.617801,方凤英,0.93,29,1000000
2025-05-28T15:43:37.717392,符涛,0.68,5,1000000
2025-05-28T15:43:38.788782,萧丽华,0.53,48,1000000
2025-05-28T15:43:39.880877,吴柳,1.23,161,1000000
2025-05-28T15:43:40.982237,李宁,2.75,562,1000000
2025-05-28T15:43:42.080718,王建国,2.10,560,1000000
2025-05-28T15:43:43.174297,罗敏,0.96,80,1000000
2025-05-28T15:43:44.267566,卢林,0.87,35,1000000
2025-05-28T15:43:45.361513,杜凤兰,0.91,36,1000000
2025-05-28T15:43:46.457610,秦建平,0.86,30,1000000
2025-05-28T15:43:47.552444,萧丽华,1.00,48,1000000
2025-05-28T15:43:48.640138,金倩,0.61,32,1000000
2025-05-28T15:43:49.735879,武冬梅,0.75,19,1000000
2025-05-28T15:43:50.833844,王建国,3.51,560,1000000
2025-05-28T15:43:51.931312,陈芳,2.59,356,1000000
2025-05-28T15:43:53.026807,张彬,2.88,548,1000000
2025-05-28T15:43:54.122358,郭勇,1.35,90,1000000
2025-05-28T15:43:55.215174,王雪梅,1.64,567,1000000
2025-05-28T15:43:56.314062,姜桂荣,0.66,35,1000000
2025-05-28T15:43:57.405318,杨淑珍,1.56,228,1000000
2025-05-28T15:43:58.501782,惠璐,0.70,2,1000000
2025-05-28T15:43:59.600242,郑杰,1.12,79,1000000
2025-05-28T15:44:00.693596,黄桂香,1.06,189,1000000
2025-05-28T15:44:01.787663,金倩,0.71,32,1000000
2025-05-28T15:44:02.883746,梁秀云,1.06,61,1000000
2025-05-28T15:44:03.977514,刘娟,2.74,421,1000000
2025-05-28T15:44:05.070445,晏杰,0.73,3,1000000
2025-05-28T15:44:06.169943,黄瑜,0.99,178,1000000
2025-05-28T15:44:07.262355,潘凤英,0.71,51,1000000
2025-05-28T15:44:08.357169,罗健,1.21,83,1000000
2025-05-28T15:44:09.452850,宋想,0.82,52,1000000
2025-05-28T15:44:10.548120,樊倩,0.41,14,1000000
2025-05-28T15:44:11.640581,张桂荣,2.96,514,1000000
2025-05-28T15:44:12.734037,杜凤兰,1.10,36,1000000
2025-05-28T15:44:13.828426,卞畅,0.46,2,1000000
2025-05-28T15:44:14.923802,薛成,0.65,24,1000000
2025-05-28T15:44:16.017346,萧丽华,0.89,48,1000000
2025-05-28T15:44:17.113003,刘晶,1.79,388,1000000
2025-05-28T15:44:18.206431,苏云,0.92,31,1000000
2025-05-28T15:44:19.302655,陈芳,2.79,356,1000000
2025-05-28T15:44:20.393316,徐颖,0.96,106,1000000
2025-05-28T15:44:21.485089,魏磊,0.71,33,1000000
2025-05-28T15:44:22.580786,黄桂香,1.65,189,1000000
2025-05-28T15:44:23.675891,薛成,0.48,24,1000000
2025-05-28T15:44:24.767394,佟丽丽,0.61,2,1000000
2025-05-28T15:44:25.863460,潘凤英,0.82,51,1000000
2025-05-28T15:44:26.958030,徐颖,1.27,106,1000000
2025-05-28T15:44:28.055349,李健,2.18,584,1000000
2025-05-28T15:44:29.151785,罗敏,1.10,80,1000000
2025-05-28T15:44:30.247197,冯坤,0.65,52,1000000
2025-05-28T15:44:31.342694,江桂荣,0.53,19,1000000
2025-05-28T15:44:32.447267,郑金凤,0.75,71,1000000
2025-05-28T15:44:33.539019,何秀兰,1.11,79,1000000
2025-05-28T15:44:34.628891,李宁,3.34,562,1000000
2025-05-28T15:44:35.720654,麻峰,0.63,4,1000000
2025-05-28T15:44:36.812067,卢雷,0.70,30,1000000
2025-05-28T15:44:37.902710,方凤英,0.85,29,1000000
2025-05-28T15:44:38.992442,张秀梅,3.06,507,1000000
2025-05-28T15:44:40.084860,郑金凤,1.04,71,1000000
2025-05-28T15:44:41.172978,宋想,0.97,52,1000000
2025-05-28T15:44:42.265988,郭勇,0.81,90,1000000
2025-05-28T15:44:43.354339,郑金凤,0.90,71,1000000
2025-05-28T15:44:44.445436,杨淑珍,1.32,228,1000000
2025-05-28T15:44:45.535687,廖建军,0.86,24,1000000
2025-05-28T15:44:46.625954,叶桂芳,0.86,36,1000000
2025-05-28T15:44:47.723458,卢林,0.47,35,1000000
2025-05-28T15:44:48.816245,杨淑珍,1.09,228,1000000
2025-05-28T15:44:49.916409,武冬梅,0.62,19,1000000
2025-05-28T15:44:51.013558,李楠,3.11,559,1000000
2025-05-28T15:44:52.102431,徐颖,1.32,106,1000000
2025-05-28T15:44:53.193837,胡建军,1.37,97,1000000
2025-05-28T15:44:54.286121,惠璐,0.50,2,1000000
2025-05-28T15:44:55.378587,张桂荣,2.77,514,1000000
2025-05-28T15:44:56.477425,张淑英,2.62,498,1000000
2025-05-28T15:44:57.570372,胡建军,1.24,97,1000000
2025-05-28T15:44:58.682007,廖建军,0.60,24,1000000
2025-05-28T15:44:59.774138,陈峰,1.32,345,1000000
2025-05-28T15:45:00.868307,萧丽华,0.72,48,1000000
2025-05-28T15:45:01.965345,张桂荣,3.23,514,1000000
2025-05-28T15:45:03.062245,徐颖,1.32,106,1000000
2025-05-28T15:45:04.153306,姜桂荣,0.90,35,1000000
2025-05-28T15:45:05.242607,薛成,0.57,24,1000000
2025-05-28T15:45:06.335205,方凤英,0.83,29,1000000
2025-05-28T15:45:07.429173,萧丽华,0.92,48,1000000
2025-05-28T15:45:08.526418,秦建平,0.68,30,1000000
2025-05-28T15:45:09.617125,姚秀云,0.64,39,1000000
2025-05-28T15:45:10.712978,张淑英,2.32,498,1000000
2025-05-28T15:45:11.808913,潘凤英,0.73,51,1000000
2025-05-28T15:45:12.891677,金倩,0.90,32,1000000
2025-05-28T15:45:13.984556,黄桂香,1.14,189,1000000
2025-05-28T15:45:15.072939,曾桂荣,0.64,45,1000000
2025-05-28T15:45:16.146962,陈峰,2.12,345,1000000
2025-05-28T15:45:17.235824,杜凤兰,0.98,36,1000000
2025-05-28T15:45:18.328198,符涛,0.47,5,1000000
2025-05-28T15:45:19.417641,冯坤,0.88,52,1000000
2025-05-28T15:45:20.513672,聂宁,0.75,14,1000000
2025-05-28T15:45:21.610180,杨淑英,1.60,246,1000000
2025-05-28T15:45:22.709240,王杰,2.87,593,1000000
2025-05-28T15:45:23.806663,叶桂芳,0.92,36,1000000
2025-05-28T15:45:24.897887,孙欣,1.10,118,1000000
2025-05-28T15:45:25.981572,谢莹,0.89,49,1000000
2025-05-28T15:45:27.080364,符涛,0.67,5,1000000
2025-05-28T15:45:28.176325,卢雷,0.85,30,1000000
2025-05-28T15:45:29.268645,杜琴,0.64,42,1000000
2025-05-28T15:45:30.360595,刘建,2.23,380,1000000
2025-05-28T15:45:31.453862,胡颖,1.27,90,1000000
2025-05-28T15:45:32.548575,骆淑珍,0.71,8,1000000
2025-05-28T15:45:33.643649,武冬梅,0.57,19,1000000
2025-05-28T15:45:34.743009,李健,2.04,584,1000000
2025-05-28T15:45:35.837258,盘倩,0.51,2,1000000
2025-05-28T15:45:36.926431,何秀兰,0.86,79,1000000
2025-05-28T15:45:38.024562,李楠,3.41,559,1000000
2025-05-28T15:45:39.117176,赵波,1.14,171,1000000
2025-05-28T15:45:40.210501,廖建军,0.60,24,1000000
2025-05-28T15:45:41.302718,孙玉,1.01,119,1000000
2025-05-28T15:45:42.397682,张琴,3.26,536,1000000
2025-05-28T15:45:43.482156,黄桂香,1.81,189,1000000
2025-05-28T15:45:44.576709,冯坤,0.73,52,1000000
2025-05-28T15:45:45.667344,王欢,2.37,536,1000000
2025-05-28T15:45:46.763726,易柳,0.85,8,1000000
2025-05-28T15:45:47.857722,罗敏,0.79,80,1000000
2025-05-28T15:45:48.949349,郑金凤,0.81,71,1000000
2025-05-28T15:45:50.043867,刘文,1.62,417,1000000
2025-05-28T15:45:51.133988,薛鑫,0.59,28,1000000
2025-05-28T15:45:52.230273,麻峰,0.65,4,1000000
2025-05-28T15:45:53.307006,卢雷,0.48,30,1000000
2025-05-28T15:45:54.400976,袁玉兰,0.67,38,1000000
2025-05-28T15:45:55.486327,丁彬,0.71,43,1000000
2025-05-28T15:45:56.581026,张秀梅,2.74,507,1000000
2025-05-28T15:45:57.659124,李宁,2.65,562,1000000
2025-05-28T15:45:58.750637,孙欣,1.36,118,1000000
2025-05-28T15:45:59.843717,易柳,0.43,8,1000000
2025-05-28T15:46:00.936365,佟丽丽,0.55,2,1000000
2025-05-28T15:46:02.027457,姚秀云,0.83,39,1000000
2025-05-28T15:46:03.119412,王健,3.20,584,1000000
2025-05-28T15:46:04.212542,张云,2.08,528,1000000
2025-05-28T15:46:05.311075,冯坤,0.69,52,1000000
2025-05-28T15:46:06.407981,周勇,1.28,130,1000000
2025-05-28T15:46:07.504641,王欢,2.67,536,1000000
2025-05-28T15:46:08.601601,罗健,0.74,83,1000000
2025-05-28T15:46:09.693376,刘晶,2.21,388,1000000
2025-05-28T15:46:10.784942,孙欣,0.97,118,1000000
2025-05-28T15:46:11.876913,谢莹,0.70,49,1000000
2025-05-28T15:46:12.970239,魏磊,0.49,33,1000000
2025-05-28T15:46:14.063207,樊倩,0.56,14,1000000
2025-05-28T15:46:15.154380,金倩,0.74,32,1000000
2025-05-28T15:46:16.233352,徐凯,0.93,127,1000000
2025-05-28T15:46:17.326878,卢林,0.84,35,1000000
2025-05-28T15:46:18.417206,陈峰,1.61,345,1000000
2025-05-28T15:46:19.513746,麻峰,0.75,4,1000000
2025-05-28T15:46:20.609293,张彬,3.09,548,1000000
2025-05-28T15:46:21.708532,李欣,3.11,552,1000000
2025-05-28T15:46:22.799284,高玉梅,1.34,98,1000000
2025-05-28T15:46:23.893642,郑杰,1.15,79,1000000
2025-05-28T15:46:24.988349,秦建平,0.68,30,1000000
2025-05-28T15:46:26.088526,廖建军,0.68,24,1000000
2025-05-28T15:46:27.195508,段欢,0.65,15,1000000
2025-05-28T15:46:28.293827,吴柳,1.60,161,1000000
2025-05-28T15:46:29.389457,郑杰,1.03,79,1000000
2025-05-28T15:46:30.485769,李楠,3.30,559,1000000
2025-05-28T15:46:31.585259,李静,3.19,558,1000000
2025-05-28T15:46:32.676578,王欢,1.74,536,1000000
2025-05-28T15:46:33.778716,臧秀兰,0.80,4,1000000
2025-05-28T15:46:34.876408,萧丽华,1.01,48,1000000
2025-05-28T15:46:35.970313,赵波,1.62,171,1000000
2025-05-28T15:46:37.065722,张宇,3.19,513,1000000
2025-05-28T15:46:38.166556,胡颖,1.20,90,1000000
2025-05-28T15:46:39.252747,刘文,1.87,417,1000000
2025-05-28T15:46:40.343657,杨磊,2.04,268,1000000
2025-05-28T15:46:41.437863,廖建军,0.64,24,1000000
2025-05-28T15:46:42.534027,刘晶,1.75,388,1000000
2025-05-28T15:46:43.631787,龙莉,0.76,12,1000000
2025-05-28T15:46:44.734285,田桂芝,0.87,43,1000000
2025-05-28T15:46:45.821462,刘建,1.68,380,1000000
2025-05-28T15:46:46.918152,薛成,0.73,24,1000000
2025-05-28T15:46:48.009428,符涛,0.46,5,1000000
2025-05-28T15:46:49.104912,杜琴,0.60,42,1000000
2025-05-28T15:46:50.199781,王欢,3.04,536,1000000
2025-05-28T15:46:51.298586,谢莹,1.12,49,1000000
2025-05-28T15:46:52.396154,郭勇,1.10,90,1000000
2025-05-28T15:46:53.496509,叶桂芳,0.83,36,1000000
2025-05-28T15:46:54.593552,魏磊,0.72,33,1000000
2025-05-28T15:46:55.683993,武冬梅,0.52,19,1000000
2025-05-28T15:46:56.781211,萧丽华,0.70,48,1000000
2025-05-28T15:46:57.879329,段欢,0.43,15,1000000
2025-05-28T15:46:58.973141,陈峰,2.57,345,1000000
2025-05-28T15:47:00.059822,李岩,2.86,527,1000000
2025-05-28T15:47:01.149775,谢莹,1.11,49,1000000
2025-05-28T15:47:02.244565,段欢,0.68,15,1000000
2025-05-28T15:47:03.328886,江桂荣,0.74,19,1000000
2025-05-28T15:47:04.427667,金倩,0.70,32,1000000
2025-05-28T15:47:05.528264,吴帅,0.91,154,1000000
2025-05-28T15:47:06.623278,龙莉,0.78,12,1000000
2025-05-28T15:47:07.691696,冯坤,0.52,52,1000000
2025-05-28T15:47:08.788094,吴雪梅,1.52,149,1000000
2025-05-28T15:47:09.885067,杨淑英,3.40,246,1000000
2025-05-28T15:47:10.977737,秦建平,0.92,30,1000000
2025-05-28T15:47:12.076540,郭勇,0.65,90,1000000
2025-05-28T15:47:13.175733,张琴,2.06,536,1000000
2025-05-28T15:47:14.273595,张宇,1.92,513,1000000
2025-05-28T15:47:15.372031,张云,3.16,528,1000000
2025-05-28T15:47:16.470584,李静,6.14,558,1000000
2025-05-28T15:47:17.569476,李健,3.02,584,1000000
2025-05-28T15:47:18.670819,卢雷,0.99,30,1000000
2025-05-28T15:47:19.764857,孙英,1.31,102,1000000
2025-05-28T15:47:20.856331,徐凯,1.28,127,1000000
2025-05-28T15:47:21.949439,张秀梅,3.07,507,1000000
2025-05-28T15:47:23.041604,张桂荣,2.92,514,1000000
2025-05-28T15:47:24.140979,薛成,0.67,24,1000000
2025-05-28T15:47:25.241515,叶桂芳,0.70,36,1000000
2025-05-28T15:47:26.338186,魏磊,0.80,33,1000000
2025-05-28T15:47:27.431897,佟丽丽,0.58,2,1000000
2025-05-28T15:47:28.535438,张彬,3.12,548,1000000
2025-05-28T15:47:29.626741,萧丽华,0.96,48,1000000
2025-05-28T15:47:30.724368,张云,3.11,528,1000000
2025-05-28T15:47:31.820677,陈峰,1.56,345,1000000
2025-05-28T15:47:32.914992,李楠,3.33,559,1000000
2025-05-28T15:47:34.015273,佟丽丽,0.77,2,1000000
2025-05-28T15:47:35.111428,魏磊,0.83,33,1000000
2025-05-28T15:47:36.203039,卢林,0.71,35,1000000
2025-05-28T15:47:37.296496,胡建军,1.28,97,1000000
2025-05-28T15:47:38.396146,蔡想,0.93,55,1000000
2025-05-28T15:47:39.495074,麻峰,0.36,4,1000000
2025-05-28T15:47:40.593727,叶桂芳,0.74,36,1000000
2025-05-28T15:47:41.682580,丁彬,0.71,43,1000000
2025-05-28T15:47:42.778383,曹利,0.95,50,1000000
2025-05-28T15:47:43.866233,卢雷,0.70,30,1000000
2025-05-28T15:47:44.963619,罗健,0.67,83,1000000
2025-05-28T15:47:46.051015,罗健,0.94,83,1000000
2025-05-28T15:47:47.152002,曹利,0.83,50,1000000
2025-05-28T15:47:48.254861,刘娟,2.11,421,1000000
2025-05-28T15:47:49.347882,赵波,1.60,171,1000000
2025-05-28T15:47:50.438648,武冬梅,0.87,19,1000000
2025-05-28T15:47:51.533759,冯坤,0.82,52,1000000
2025-05-28T15:47:52.633867,江桂荣,0.52,19,1000000
2025-05-28T15:47:53.724275,符涛,0.55,5,1000000
2025-05-28T15:47:54.819788,徐颖,1.30,106,1000000
2025-05-28T15:47:55.914299,麻峰,0.68,4,1000000
2025-05-28T15:47:57.009740,骆淑珍,0.59,8,1000000
2025-05-28T15:47:58.111538,张宇,2.96,513,1000000
2025-05-28T15:47:59.207660,张涛,3.11,523,1000000
2025-05-28T15:48:00.307058,胡建军,1.22,97,1000000
2025-05-28T15:48:01.404849,苏云,0.89,31,1000000
2025-05-28T15:48:02.499853,卞畅,0.45,2,1000000
2025-05-28T15:48:03.599362,盘倩,0.59,2,1000000
2025-05-28T15:48:04.695869,段欢,0.43,15,1000000
2025-05-28T15:48:05.795140,佟丽丽,0.36,2,1000000
2025-05-28T15:48:06.896627,方凤英,0.44,29,1000000
2025-05-28T15:48:07.987952,李楠,1.83,559,1000000
2025-05-28T15:48:09.081320,江桂荣,0.90,19,1000000
2025-05-28T15:48:10.175158,段欢,0.73,15,1000000
2025-05-28T15:48:11.271601,段欢,0.59,15,1000000
2025-05-28T15:48:12.363955,萧丽华,0.98,48,1000000
2025-05-28T15:48:13.456912,段欢,0.41,15,1000000
2025-05-28T15:48:14.550788,刘文,1.95,417,1000000
2025-05-28T15:48:15.647673,吴雪梅,1.53,149,1000000
2025-05-28T15:48:16.749023,樊倩,0.53,14,1000000
2025-05-28T15:48:17.843562,张彬,3.20,548,1000000
2025-05-28T15:48:18.939928,刘文,2.61,417,1000000
2025-05-28T15:48:20.034995,聂宁,0.78,14,1000000
2025-05-28T15:48:21.128252,曾桂荣,0.96,45,1000000
2025-05-28T15:48:22.224392,刘莹,2.59,423,1000000
2025-05-28T15:48:23.318813,田桂芝,0.97,43,1000000
2025-05-28T15:48:24.419716,李楠,2.90,559,1000000
2025-05-28T15:48:25.515892,梁秀云,1.10,61,1000000
2025-05-28T15:48:26.611525,李静,3.24,558,1000000
2025-05-28T15:48:27.709243,杨淑珍,1.20,228,1000000
2025-05-28T15:48:28.801141,麻峰,0.74,4,1000000
2025-05-28T15:48:29.896834,卢林,0.72,35,1000000
2025-05-28T15:48:30.996947,田桂芝,0.82,43,1000000
2025-05-28T15:48:32.091224,龙莉,0.38,12,1000000
2025-05-28T15:48:33.189885,王欢,3.13,536,1000000
2025-05-28T15:48:34.286101,徐凯,1.20,127,1000000
2025-05-28T15:48:35.383741,王杰,2.44,593,1000000
2025-05-28T15:48:36.481239,赵波,1.06,171,1000000
2025-05-28T15:48:37.579687,张桂荣,2.81,514,1000000
2025-05-28T15:48:38.675705,王建国,3.20,560,1000000
2025-05-28T15:48:39.770413,吴柳,1.49,161,1000000
2025-05-28T15:48:40.862961,卞畅,0.53,2,1000000
2025-05-28T15:48:41.959857,胡颖,1.17,90,1000000
2025-05-28T15:48:43.052096,罗健,1.05,83,1000000
2025-05-28T15:48:44.147227,罗健,1.15,83,1000000
2025-05-28T15:48:45.241959,袁婷,0.81,42,1000000
2025-05-28T15:48:46.337044,张琴,3.13,536,1000000
2025-05-28T15:48:47.436640,赵波,1.68,171,1000000
2025-05-28T15:48:48.531672,盘倩,0.62,2,1000000
2025-05-28T15:48:49.624200,田桂芝,0.78,43,1000000
2025-05-28T15:48:50.715970,卞畅,0.49,2,1000000
2025-05-28T15:48:51.811298,王建国,2.27,560,1000000
2025-05-28T15:48:52.901490,田桂芝,0.73,43,1000000
2025-05-28T15:48:53.999420,张彬,2.71,548,1000000
2025-05-28T15:48:55.090329,蔡想,1.03,55,1000000
2025-05-28T15:48:56.190672,李欣,3.15,552,1000000
2025-05-28T15:48:57.288813,杨淑英,2.06,246,1000000
2025-05-28T15:48:58.388313,高玉梅,0.88,98,1000000
2025-05-28T15:48:59.476543,梁秀云,1.02,61,1000000
2025-05-28T15:49:00.575910,李倩,3.04,541,1000000
2025-05-28T15:49:01.670564,郭勇,0.70,90,1000000
2025-05-28T15:49:02.766381,曾桂荣,0.52,45,1000000
2025-05-28T15:49:03.861768,李健,3.26,584,1000000
2025-05-28T15:49:04.968985,杜凤兰,0.57,36,1000000
2025-05-28T15:49:06.063029,苏云,0.46,31,1000000
2025-05-28T15:49:07.160404,冯坤,0.94,52,1000000
2025-05-28T15:49:08.257542,李倩,2.80,541,1000000
2025-05-28T15:49:09.355606,孙欣,1.54,118,1000000
2025-05-28T15:49:10.457069,薛成,0.85,24,1000000
2025-05-28T15:49:11.553465,郭勇,1.20,90,1000000
2025-05-28T15:49:12.648703,宋想,0.86,52,1000000
2025-05-28T15:49:13.744197,丁彬,0.98,43,1000000
2025-05-28T15:49:14.848263,李欣,3.32,552,1000000
2025-05-28T15:49:15.945411,李倩,3.39,541,1000000
2025-05-28T15:49:17.044463,杜琴,0.98,42,1000000
2025-05-28T15:49:18.141419,段欢,0.68,15,1000000
2025-05-28T15:49:19.233908,曹利,0.69,50,1000000
2025-05-28T15:49:20.328806,臧秀兰,0.40,4,1000000
2025-05-28T15:49:21.420216,姚秀云,0.69,39,1000000
2025-05-28T15:49:22.515250,苏云,0.70,31,1000000
2025-05-28T15:49:23.609780,薛鑫,0.79,28,1000000
2025-05-28T15:49:24.699799,黄瑜,1.28,178,1000000
2025-05-28T15:49:25.798444,杨淑英,1.93,246,1000000
2025-05-28T15:49:26.894743,王杰,3.47,593,1000000
2025-05-28T15:49:27.990811,孙英,0.76,102,1000000
2025-05-28T15:49:29.091565,薛鑫,0.67,28,1000000
2025-05-28T15:49:30.188137,徐颖,1.20,106,1000000
2025-05-28T15:49:31.282467,吴雪梅,1.48,149,1000000
2025-05-28T15:49:32.372900,秦建平,0.75,30,1000000
2025-05-28T15:49:33.467284,刘文,2.61,417,1000000
2025-05-28T15:49:34.556175,谢莹,0.82,49,1000000
2025-05-28T15:49:35.648950,程慧,0.75,31,1000000
2025-05-28T15:49:36.745219,刘晶,2.52,388,1000000
2025-05-28T15:49:37.842974,张桂荣,2.89,514,1000000
2025-05-28T15:49:38.940935,易柳,0.56,8,1000000
2025-05-28T15:49:40.039647,赵波,1.57,171,1000000
2025-05-28T15:49:41.136794,王杰,2.11,593,1000000
2025-05-28T15:49:42.229679,薛成,0.65,24,1000000
2025-05-28T15:49:43.330687,赵波,1.19,171,1000000
2025-05-28T15:49:44.420919,谢莹,0.78,49,1000000
2025-05-28T15:49:45.508822,谢莹,0.87,49,1000000
2025-05-28T15:49:46.606009,程慧,0.79,31,1000000
2025-05-28T15:49:47.703033,惠璐,0.69,2,1000000
2025-05-28T15:49:48.772871,佟丽丽,0.47,2,1000000
2025-05-28T15:49:49.869749,梁伟,0.81,79,1000000
2025-05-28T15:49:50.962213,陈芳,2.08,356,1000000
2025-05-28T15:49:52.063160,张琴,3.13,536,1000000
2025-05-28T15:49:53.159586,吴柳,1.83,161,1000000
2025-05-28T15:49:54.251363,魏磊,0.79,33,1000000
2025-05-28T15:49:55.349312,符涛,0.61,5,1000000
